date,sales,cost_of_sales,quantity_sold,price_per_unit,cost_per_unit,gross_profit,gross_profit_pct,gross_profit_pct_per_unit,year,month,week_of_year,day_of_week,is_weekend,price_rolling_avg,qty_rolling_avg,price_drop_pct,qty_spike_pct,promo_candidate
2013-12-30,223937.96786972653,230079.62101244804,6827,32.801811611209395,33.701423906906115,-6141.653142721509,-0.0274256893600747,-0.02742568936007469,2013,12,1,Monday,false,null,null,null,null,false
2013-12-31,300345.48456398566,306986.1204842832,9268,32.40672038886336,33.12323268065205,-6640.635920297529,-0.02210999086581176,-0.022109990865811894,2013,12,1,Tuesday,false,32.801811611209395,6827.0,-0.012044798836995246,0.3575509008349202,false
2014-01-01,86782.4677274178,87986.31821444989,2678,32.40570116781844,32.85523458343909,-1203.8504870320903,-0.01387204718369341,-0.01387204718369352,2014,1,1,Wednesday,false,32.604266000036375,8047.5,-0.006090148823399718,-0.6672258465361913,false
2014-01-02,200173.11675267716,202881.17770623261,6175,32.41669906925946,32.855251450402044,-2708.060953555454,-0.01352859463591899,-0.01352859463591905,2014,1,1,Thursday,false,32.5380777226304,6257.666666666667,-0.003730357226558596,-0.013210461833484307,false
2014-01-03,326906.07417633064,333806.2918733548,10084,32.41829375013196,33.10256761933309,-6900.217697024171,-0.021107646024656753,-0.021107646024656767,2014,1,1,Friday,false,32.507733059287666,6237.0,-0.0027513240924117396,0.6168029501362835,false
2014-01-04,307043.9354221619,313652.34827236354,9470,32.42280205091467,33.120628117461834,-6608.412850201654,-0.0215226945978125,-0.0215226945978125,2014,1,1,Saturday,true,32.489845197456525,7006.4,-0.002063510802664718,0.3516213747430921,false
2014-01-05,179188.88448780973,183083.28498402698,5524,32.43824845905317,33.1432449283177,-3894.4004962172476,-0.02173349372283293,-0.02173349372283299,2014,1,1,Sunday,true,32.47867133969955,7417.0,-0.0012445977307258878,-0.2552244842928408,false
2014-01-06,306351.9508589919,313446.068148843,9448,32.42505830429635,33.17591745859897,-7094.117289851129,-0.023156755718250408,-0.023156755718250398,2014,1,2,Monday,false,32.472896642464356,7146.571428571428,-0.0014731774222275127,0.32203254307759965,false
2014-01-07,224020.40996847834,229533.97372837967,6911,32.41504991585564,33.21284527975397,-5513.563759901328,-0.024611881393651298,-0.024611881393651464,2014,1,2,Tuesday,false,32.46691685019335,7434.25,-0.0015975318684256572,-0.07038369707771464,false
2014-01-08,101836.4022362371,99381.96751722493,2990,34.05899740342378,33.23811622649663,2454.434719012177,0.024101742256353982,0.024101742256354055,2014,1,2,Wednesday,false,32.461153857489165,7376.111111111111,0.049223251673352786,-0.5946373427732169,false
2014-01-09,107804.30494723172,104816.45851255264,3159,34.126085769937234,33.180265436072375,2987.846434679086,0.0277154649449443,0.027715464944944326,2014,1,2,Thursday,false,32.62093821208263,6937.5,0.04614053550725611,-0.5446486486486487,false
2014-01-10,144829.95672393017,141333.99628349254,4246,34.109740161076346,33.28638631264544,3495.9604404376296,0.024138379376177733,0.024138379376177688,2014,1,2,Friday,false,32.757769808251226,6594.0,0.041271745932001065,-0.35608128601759176,false
2014-01-11,146571.48235324016,143179.66998839285,4297,34.1101890512544,33.3208447727235,3391.812364847312,0.02314101154188355,0.023141011541883458,2014,1,2,Saturday,true,32.87043400431998,6398.333333333333,0.037716418553265386,-0.3284188590778848,false
2014-01-12,95422.3729783171,93126.14723834406,2796,34.12817345433373,33.30691961314165,2296.2257399730443,0.024063808814467624,0.024063808814467586,2014,1,2,Sunday,true,32.965799777161095,6236.692307692308,0.035259987169427964,-0.5516854348335533,false
2014-01-13,114883.17379115624,112186.30866305273,3369,34.10008126778161,33.29958701782509,2696.8651281035127,0.023474848745092022,0.0234748487450921,2014,1,3,Monday,false,33.04882646838771,5990.928571428572,0.03180914155603867,-0.43764978002456095,false
2014-01-14,80090.80007989271,78096.76018225115,2348,34.110221499102515,33.260971116802025,1994.03989764156,0.024897240327883503,0.02489724032788337,2014,1,3,Tuesday,false,33.14156001528573,5743.928571428572,0.029227999025091673,-0.591220543430952,false
2014-01-15,98945.37115907783,97159.00258686997,2903,34.083834364132905,33.468481772948664,1786.3685722078517,0.018054089355386282,0.018054089355386275,2014,1,3,Wednesday,false,33.26323866601709,5249.642857142857,0.02466974747573713,-0.4470100006803184,false
2014-01-16,84904.90171410782,83350.43315882455,2491,34.084665481376085,33.46063153706325,1554.468555283267,0.018308348798488465,0.018308348798488517,2014,1,3,Thursday,false,33.3831053228967,5265.714285714285,0.021015425368418456,-0.5269397721106891,false
2014-01-17,135460.61970398517,132703.33541977167,3968,34.13826101410917,33.4433809021602,2757.2842842134996,0.02035487723471844,0.020354877234718495,2014,1,3,Friday,false,33.50224578090502,5002.571428571428,0.018984256678298624,-0.2068079273516477,false
2014-01-18,149925.74968577514,146928.41178089235,4393,34.12832908849878,33.44603045319653,2997.337904882792,0.01999214885478193,0.019992148854781965,2014,1,3,Saturday,true,33.62510058547482,4565.714285714285,0.014965858666943107,-0.0378285356695869,false
2014-01-19,74297.30718418294,72782.28432140293,2176,34.14398308096642,33.44774095652708,1515.0228627800097,0.020391356298072417,0.020391356298072455,2014,1,3,Sunday,true,33.746923945302264,4203.071428571428,0.01176578749244582,-0.48228336420644763,false
2014-01-20,83356.4245612027,81789.13612235275,2443,34.12051762636214,33.47897508078295,1567.2884388499515,0.018802251261379414,0.01880225126137938,2014,1,4,Monday,false,33.86876213258178,3963.9285714285716,0.007433265284241644,-0.38369222452473195,false
2014-01-21,89922.01428617258,88388.91606915972,2638,34.087192678609775,33.50603338482173,1533.0982170128555,0.017049197898679657,0.017049197898679813,2014,1,4,Tuesday,false,33.98986636987219,3463.5714285714284,0.0028633919203593355,-0.23835842441740562,false
2014-01-22,57806.30278009904,57157.2825440923,1704,33.92388660803934,33.543006187847595,649.0202360067415,0.011227499507721147,0.011227499507720978,2014,1,4,Wednesday,false,34.10930513864035,3158.3571428571427,-0.00543601019860598,-0.4604790012890969,false
2014-01-23,63977.75034892355,62863.98723906299,1872,34.17614869066429,33.581189764456724,1113.7631098605634,0.017408600705499842,0.017408600705499894,2014,1,4,Thursday,false,34.09965436754146,3066.5,0.0022432580195194877,-0.3895320397847709,false
2014-01-24,116958.79984795197,114823.79522381267,3423,34.16850711304469,33.54478388075159,2135.0046241392993,0.018254330814909476,0.018254330814909382,2014,1,4,Friday,false,34.10323029045053,2974.5714285714284,0.0019140950003330246,0.1507540101815388,false
2014-01-25,155272.82480548017,152636.27656236594,4544,34.170956163177856,33.590729877281234,2636.54824311423,0.016980100970129166,0.016980100970129287,2014,1,4,Saturday,true,34.10742792987684,2915.785714285714,0.0018625923195271343,0.5584135616471915,false
2014-01-26,82885.21590976272,81583.16694985318,2426,34.16538166107284,33.6286755770211,1302.0489599095308,0.015709061569280026,0.015709061569280026,2014,1,4,Sunday,true,34.111768437871376,2933.4285714285716,0.0015716928689614455,-0.17298139670789914,false
2014-01-27,72353.4258824533,71377.15645543634,2117,34.17733863129585,33.716181603890576,976.2694270169595,0.013493064289768734,0.013493064289768722,2014,1,5,Monday,false,34.11442616692417,2907.0,0.0018441601234575355,-0.2717578259373925,false
2014-01-28,50415.903762389156,49769.09824300322,1476,34.15711637018236,33.71890124864717,646.8055193859327,0.012829394518728375,0.012829394518728434,2014,1,5,Tuesday,false,34.11994455003233,2817.5714285714284,0.0010894455029234037,-0.47614460274806064,false
2014-01-29,67458.30189127379,66529.44199653144,1974,34.17340521341124,33.70285815427125,928.8598947423452,0.013769393368950188,0.013769393368950285,2014,1,5,Wednesday,false,34.12329418368089,2755.285714285714,0.0014685284914349717,-0.2835588738528542,false
2014-01-30,64640.3693131938,63757.83986845208,1892,34.16510005982759,33.698646864932385,882.5294447417182,0.013652914643258147,0.013652914643258202,2014,1,5,Thursday,false,34.12969210148649,2688.9285714285716,0.0010374532016230607,-0.2963740204542436,false
2014-01-31,137693.8735003314,135609.50758204967,4030,34.16721426807231,33.650001881401906,2084.365918281721,0.01513768089527022,0.015137680895270192,2014,1,5,Friday,false,34.135437428518735,2646.1428571428573,9.309047121518361E-4,0.5229714409112993,false
2014-02-01,181209.1284812126,178435.71534579594,5304,34.164616983637366,33.64172612100225,2773.41313541666,0.015305040969303057,0.01530504096930302,2014,2,5,Saturday,true,34.13750551808753,2650.5714285714284,7.941841425839313E-4,1.0010779346771586,false
2014-02-02,113433.58104545697,111466.51684753725,3320,34.1667412787521,33.57425206251122,1967.0641979197244,0.017341109923448946,0.01734110992344887,2014,2,5,Sunday,true,34.14009751059743,2715.6428571428573,7.804244890161786E-4,0.22254662142612897,false
2014-02-03,143192.53335617637,140505.63472300323,4191,34.16667462566843,33.525563045336014,2686.898633173143,0.018764237004521494,0.01876423700452151,2014,2,6,Monday,false,34.14172309615355,2797.3571428571427,7.308222096643604E-4,0.4981998314735849,false
2014-02-04,130126.64989288137,128496.2877011727,3809,34.16294300154407,33.734914072242766,1630.3621917086712,0.012529041461151616,0.012529041461151628,2014,2,6,Tuesday,false,34.145020024675425,2922.214285714286,5.249074932653295E-4,0.3034636161423578,false
2014-02-05,187155.86854573974,195078.60333094277,5764,32.469789824035345,33.84431008517397,-7922.734785203036,-0.042332280824348124,-0.042332280824348194,2014,2,6,Wednesday,false,34.15043076202788,3005.8571428571427,-0.04921287668972108,0.9175894681811703,false
2014-02-06,102314.70959650404,101977.98995528856,3028,33.789534212848096,33.6783322177307,336.71964121547353,0.003291018882264206,0.0032910188822642713,2014,2,6,Thursday,false,34.0465667060276,3295.8571428571427,-0.007549439430966072,-0.08127085952061024,false
2014-02-07,301553.8425550869,313529.1877487157,9284,32.481025695291564,33.77091638827183,-11975.345193628804,-0.03971212932377469,-0.03971212932377462,2014,2,6,Friday,false,34.01895138618358,3378.4285714285716,-0.045207909950940706,1.7480231722271553,false
2014-02-08,316073.1775493943,329754.7794635822,9737,32.46104319085902,33.86615789910467,-13681.601914187893,-0.04328618461163096,-0.04328618461163091,2014,2,6,Saturday,true,33.89841699920122,3797.0714285714284,-0.042402387355612046,1.5643447017438252,false
2014-02-09,135178.0425545823,141530.70868329128,4163,32.47130496146584,33.99728769716341,-6352.666128708981,-0.04699480780056344,-0.04699480780056339,2014,2,6,Sunday,true,33.776280358321294,4168.0,-0.03863585282367997,-0.0011996161228406909,false
2014-02-10,147727.5161863135,154828.68457507665,4552,32.45332077906711,34.01333140928749,-7101.168388763152,-0.04806936833492265,-0.04806936833492264,2014,2,7,Monday,false,33.655274879777934,4292.071428571428,-0.03571369139026186,0.060560169082527614,false
2014-02-11,135498.74644438608,139824.1616410127,4172,32.47812714390846,33.514899722198635,-4325.415196626622,-0.03192217869264155,-0.03192217869264149,2014,2,7,Tuesday,false,33.53213074747588,4466.0,-0.031432646243238306,-0.06583072100313479,false
2014-02-12,163432.8452052823,166893.3689190051,5037,32.446465198586914,33.133485987493565,-3460.523713722796,-0.02117397949828355,-0.02117397949828357,2014,2,7,Wednesday,false,33.412202945599184,4658.571428571428,-0.028903743598847908,0.08123275068997243,false
2014-02-13,138291.63332158606,141027.43445568127,4259,32.470446894009406,33.11280452117428,-2735.801134095207,-0.019782839123270182,-0.01978283912327021,2014,2,7,Thursday,false,33.28885008739744,4877.357142857143,-0.024584904291958976,-0.12678119004730318,false
2014-02-14,336901.37170009944,343519.87554694666,10381,32.4536529910509,33.09121236363998,-6618.503846847219,-0.01964522677200268,-0.01964522677200277,2014,2,7,Friday,false,33.16780343269614,5046.428571428572,-0.021531436143921515,1.057098372257608,false
2014-02-15,367729.26821441203,373973.5933348522,11332,32.45051784454748,33.001552535726454,-6244.32512044016,-0.016980767265985693,-0.016980767265985703,2014,2,7,Saturday,true,33.04540619862318,5500.071428571428,-0.0180021498449758,1.0603368787418346,false
2014-02-16,133913.8413873911,136797.07737015275,4127,32.44822907375602,33.14685664408838,-2883.23598276166,-0.021530530025054874,-0.021530530025054884,2014,2,7,Sunday,true,32.92297054583105,5930.642857142857,-0.014419764201233252,-0.304122655939491,false
2014-02-17,150800.3470166623,152887.1063994804,4649,32.43715788699985,32.88601987513022,-2086.759382818098,-0.013837895098394745,-0.013837895098394842,2014,2,8,Monday,false,32.800219674045614,5988.285714285715,-0.011068882789618985,-0.22365093754473023,false
2014-02-18,55591.93033577391,53463.2442119933,1627,34.16836529549718,32.86001488137265,2128.686123780615,0.038291279164501084,0.03829127916450107,2014,2,8,Tuesday,false,32.67668276414072,6021.0,0.04564975405010901,-0.7297791064607209,false
2014-02-19,106427.191838824,107736.44407595859,3281,32.4374251261274,32.836465734824316,-1309.252237134584,-0.012301858336329576,-0.012301858336329505,2014,2,8,Wednesday,false,32.67707007085165,5865.142857142857,-0.007333734150725273,-0.44059333593141076,false
2014-02-20,78940.55442479794,75934.39482203958,2310,34.17340018389521,32.872032390493324,3006.1596027583582,0.038081308456253,0.03808130845625302,2014,2,8,Thursday,false,32.67475830671537,5687.785714285715,0.04586543114143982,-0.593866556154165,false
2014-02-21,317916.3178585343,322089.78895544185,9802,32.43382145057481,32.85959895485022,-4173.471096907568,-0.013127577486490233,-0.013127577486490207,2014,2,8,Friday,false,32.70217730464731,5636.5,-0.008206054648060387,0.7390224430054112,false
2014-02-22,309217.8755625262,320116.92432327796,9772,31.643253741560194,32.75858824429778,-10899.048760751728,-0.03524714973519653,-0.035247149735196506,2014,2,8,Saturday,true,32.698805572881824,5673.5,-0.0322810516417466,0.7223935842072795,false
2014-02-23,138491.5499504623,140752.60159166716,4270,32.43361825537759,32.963138546057884,-2261.05164120486,-0.016326278693636013,-0.016326278693636027,2014,2,8,Sunday,true,32.64039204078905,5676.0,-0.006334905081809961,-0.24770965468639888,false
2014-02-24,133146.22220523606,134505.40422379476,4106,32.427233854173416,32.75825723911222,-1359.1820185586985,-0.010208190634681393,-0.010208190634681584,2014,2,9,Monday,false,32.63770013321132,5683.642857142857,-0.006448563415279899,-0.2775760013070088,false
2014-02-25,224994.65618289215,227546.44655960065,6937,32.43399973805567,32.80185188980837,-2551.7903767084936,-0.011341559928579865,-0.011341559928579811,2014,2,9,Tuesday,false,32.635836781433206,5651.785714285715,-0.006184521779823465,0.22739968404423372,false
2014-02-26,225051.59146803216,228214.1421194314,6934,32.45624336141219,32.91233661947381,-3162.550651399244,-0.014052558485677156,-0.01405255848567732,2014,2,9,Wednesday,false,32.63268482387229,5849.285714285715,-0.0054068938370349,0.18544388814263027,false
2014-02-27,344299.68244113005,365935.6529559262,11082,31.06837055054413,33.02072306045174,-21635.97051479615,-0.06284051835713084,-0.06284051835713086,2014,2,9,Thursday,false,32.6333832640741,5984.785714285715,-0.047957415290521846,0.851695370403523,false
2014-02-28,661876.4999996495,686656.7909921708,20805,31.813338139853375,33.004411967900545,-24780.29099252133,-0.03743944828458852,-0.037439448284588575,2014,2,9,Friday,false,32.53323495382658,6472.142857142857,-0.02212804275366195,2.2145458558657984,false
2014-03-01,846678.388160804,872081.5850035211,26410,32.05900750324892,33.020885460186335,-25403.196842717007,-0.03000336042342957,-0.030003360423429687,2014,3,9,Saturday,true,32.487498178741035,7216.714285714285,-0.013189402062745074,2.659560148068967,false
2014-03-02,478902.30487182323,495554.4499238885,15004,31.91830877578134,33.02815582004055,-16652.145052065258,-0.03477148654885291,-0.034771486548852815,2014,3,9,Sunday,true,32.459533154362575,8293.714285714286,-0.016673818936563875,0.8090808874190436,false
2014-03-03,538827.2021325426,557567.1369848134,16884,31.913480344263363,33.02340304340283,-18739.93485227076,-0.03477911801427769,-0.0347791180142777,2014,3,10,Monday,false,32.421681704507236,9070.642857142857,-0.01567473781513387,0.861389569175283,false
2014-03-04,310346.1212875447,323325.0299270246,9789,31.70355718536569,33.02942383563435,-12978.908639479894,-0.04182075350461544,-0.041820753504615435,2014,3,10,Tuesday,false,32.38427616574034,9944.57142857143,-0.021020046175828665,-0.015643854507843554,false
2014-03-05,256390.52221047232,267308.50708271045,8079,31.73542792554429,33.086830929905986,-10917.984872238128,-0.04258341836550221,-0.042583418365502265,2014,3,10,Wednesday,false,32.20821844358809,10527.57142857143,-0.014679188756493286,-0.23258654146255417,false
2014-03-06,167803.65977609382,168135.6900061219,5072,33.08431777919831,33.14978115262656,-332.03023002808914,-0.001978682887316811,-0.0019786828873168184,2014,3,10,Thursday,false,32.15807578640358,10870.285714285714,0.028802780332595146,-0.5334069284550281,false
2014-03-07,465318.02151156624,483774.59671529237,14551,31.97842220545435,33.24682817093618,-18456.575203726126,-0.039664432389209234,-0.039664432389209275,2014,3,10,Friday,false,32.08028418606809,11067.57142857143,-0.003175220644023401,0.3147419100848036,false
2014-03-08,520146.74963959056,541498.9582445963,16262,31.98541075141991,33.298423210219916,-21352.208605005697,-0.04105035476968881,-0.041050354769688824,2014,3,10,Saturday,true,32.04775566855949,11406.785714285714,-0.0019453754510723317,0.4256426312658506,false
2014-03-09,224699.25281941216,233589.98296832,7014,32.035821616682654,33.30339078533219,-8890.730148907838,-0.03956724393762538,-0.039567243937625445,2014,3,10,Sunday,true,32.07219545497804,11870.357142857143,-0.0011341237411218146,-0.4091163462406355,false
2014-03-10,286230.6788963384,297642.8914364595,8932,32.04553055265768,33.32320772911548,-11412.212540121109,-0.039870682570173295,-0.03987068257017316,2014,3,11,Monday,false,32.043781409356974,12066.357142857143,5.458604520987884E-5,-0.2597600175221543,false
2014-03-11,187143.0180625835,191499.04281320787,5737,32.620362221123145,33.37964838996128,-4356.024750624376,-0.02327644811823893,-0.02327644811823904,2014,3,11,Tuesday,false,32.01651688782014,12411.07142857143,0.018860431802084122,-0.5377514316134788,false
2014-03-12,191700.3891282347,197153.4240190601,5903,32.47507862582326,33.398852112325955,-5453.0348908253945,-0.028445612007483616,-0.028445612007483738,2014,3,11,Wednesday,false,32.02982849375353,12325.357142857143,0.013901108841608808,-0.5210686447799252,false
2014-03-13,164663.9676028023,168975.17404544077,5056,32.568031567009946,33.4207227146837,-4311.206442638475,-0.026181844792163903,-0.02618184479216401,2014,3,11,Thursday,false,32.03117386978288,12251.714285714286,0.01676047526105549,-0.587323056831697,false
2014-03-14,395941.3451321622,406765.91395402345,12167,32.5422326894191,33.431898903100475,-10824.568821861234,-0.02733881913304122,-0.027338819133041304,2014,3,11,Friday,false,32.13829251381616,11821.285714285714,0.012568812591063693,0.02924506640563637,false
2014-03-15,518183.2103749144,534383.1431186085,15971,32.44525767797348,33.45959195533207,-16199.93274369411,-0.03126294410807556,-0.031262944108075515,2014,3,11,Saturday,true,32.19035641021371,11204.285714285714,0.007918559972168941,0.42543669514216503,false
2014-03-16,226617.95494027078,233191.10456622293,6968,32.522668619441845,33.46600237747172,-6573.149625952152,-0.029005422927254918,-0.02900542292725492,2014,3,11,Sunday,true,32.21794570840832,10458.642857142857,0.009458173211645675,-0.3337567698622465,false
2014-03-17,243707.871947377,250794.22126409467,7494,32.520399245713506,33.46600230372227,-7086.349316717678,-0.029077227830571716,-0.029077227830571716,2014,3,12,Monday,false,32.26111426866979,9884.642857142857,0.008037074444620653,-0.24185424720887377,false
2014-03-18,94849.7437997705,90571.58892297688,2707,35.03869368295918,33.45828922163904,4278.154876793618,0.0451045485776417,0.04510454857764159,2014,3,12,Tuesday,false,32.304465618773364,9213.92857142857,0.0846393218960059,-0.7062056668863134,false
2014-03-19,92386.78306657562,88255.8409917939,2637,35.03480586521639,33.4682749305248,4130.94207478172,0.04471356115738857,0.04471356115738866,2014,3,12,Wednesday,false,32.542689654315765,8708.07142857143,0.0765799089556854,-0.6971774954270669,false
2014-03-20,180394.82770444016,172344.3044394809,5149,35.03492478237331,33.471412786848106,8050.523264959251,0.04462723996803983,0.04462723996803995,2014,3,12,Thursday,false,32.77835950714949,8319.357142857143,0.06884314252309141,-0.3810819860737866,false
2014-03-21,200939.69236394396,192019.14427492704,5735,35.03743546014716,33.481978077581,8920.548089016927,0.04439415619717354,0.04439415619717356,2014,3,12,Friday,false,32.917688578804835,8324.857142857143,0.06439537442817882,-0.3110992895630985,false
2014-03-22,172953.92471044016,165201.30501850985,4936,35.039287826264214,33.468659849779144,7752.619691930304,0.04482476882157926,0.04482476882157928,2014,3,12,Saturday,true,33.13618952556861,7695.142857142857,0.05743262360408492,-0.35855641777744773,false
2014-03-23,70194.79953786121,67061.62270944688,2003,35.04483252015038,33.48059046901991,3133.1768284143327,0.044635455176766765,0.04463545517676677,2014,3,12,Sunday,true,33.35432360234321,6886.142857142857,0.05068335181854536,-0.709125988009045,false
2014-03-24,81378.21463167097,77703.6463336835,2323,35.03151727579465,33.449697087250755,3674.568297987469,0.045154201460662076,0.04515420146066203,2014,3,13,Monday,false,33.5692529525909,6528.214285714285,0.043559632538408596,-0.6441599649871437,false
2014-03-25,130227.01471457879,127394.28924213616,3822,34.07300228010958,33.33183915283521,2832.725472442631,0.02175221077324988,0.021752210773249934,2014,3,13,Tuesday,false,33.78253771852926,6056.142857142857,0.008598068149895053,-0.36890524379024836,false
2014-03-26,125310.0364078538,122275.10258217747,3666,34.1816793256557,33.35381958051759,3034.9338256763294,0.02421939944058715,0.024219399440587094,2014,3,13,Wednesday,false,33.88629772274257,5919.357142857143,0.008716844942163402,-0.3806759903947099,false
2014-03-27,119452.33963454989,118186.57504122709,3543,33.71502671028786,33.35776885160234,1265.764593322805,0.010596398506678564,0.010596398506678545,2014,3,13,Thursday,false,34.008197772730604,5759.571428571428,-0.00862059978602641,-0.3848500632487536,false
2014-03-28,276174.76932028367,271550.89558082254,8130,33.96983632475814,33.401094167382844,4623.8737394611235,0.016742563959920444,0.016742563959920593,2014,3,13,Friday,false,34.09012599725045,5651.5,-0.003528578113850742,0.4385561355392374,false
2014-03-29,357369.2669406512,352250.83007461776,10518,33.97692212784286,33.490286183173396,5118.436866033473,0.014322543485205454,0.014322543485205369,2014,3,13,Saturday,true,34.19209768548895,5363.142857142857,-0.006293137075863334,0.9611634968834906,false
2014-03-30,163865.4902727038,160525.42687771353,4791,34.20277400807844,33.50562030426081,3340.063394990284,0.02038295793355742,0.02038295793355741,2014,3,13,Sunday,true,34.30150228905106,4973.642857142857,-0.0028782494755085148,-0.03672214961726812,false
2014-03-31,190719.6145286,187072.5952299383,5583,34.16077637983163,33.507539894311,3647.019298661704,0.019122413327417893,0.019122413327417744,2014,3,14,Monday,false,34.42150981681081,4818.142857142857,-0.007574724013176284,0.15874521896403482,false
2014-04-01,244535.20522546367,239700.6847975987,7155,34.17682812375453,33.501143926987936,4834.520427864976,0.019770242993876915,0.019770242993876995,2014,4,14,Tuesday,false,34.538679612104964,4681.642857142857,-0.01047670300122335,0.5283096593076302,false
2014-04-02,155620.50378882745,153366.01881055222,4575,34.01541066422458,33.522627062415786,2254.484978275228,0.014487069013312663,0.014487069013312747,2014,4,14,Wednesday,false,34.47711778644749,4999.357142857143,-0.013391697214446257,-0.08488234201540203,false
2014-04-03,136001.97816007744,134523.06863372037,3997,34.02601405055728,33.65600916530407,1478.909526357078,0.010874176584522673,0.010874176584522666,2014,4,14,Thursday,false,34.40430384351951,5137.785714285715,-0.010995420650939395,-0.22203839897676883,false
2014-04-04,190559.88751276743,187742.30001175258,5558,34.28569404691749,33.778751351520796,2817.5875010148447,0.014785837343790768,0.014785837343790706,2014,4,14,Friday,false,34.33223879124693,5055.5,-0.0013557153849606998,0.09939669666699634,false
2014-04-05,217110.50252912124,213540.73418419377,6320,34.352927615367285,33.7880908519294,3569.7683449274627,0.016442172549661186,0.016442172549661155,2014,4,14,Saturday,true,34.27854297601625,5042.857142857143,0.0021700058664419607,0.2532577903682719,false
2014-04-06,119190.09998255635,116856.31461341622,3447,34.5779228263871,33.90087456147845,2333.785369140125,0.019580362542540683,0.01958036254254058,2014,4,14,Sunday,true,34.229517246666454,5141.714285714285,0.010178512808403062,-0.3296010224494332,false
2014-04-07,131910.19745153244,130784.44470906522,3854,34.22682860704007,33.93472877765055,1125.7527424672153,0.008534235898485778,0.008534235898485766,2014,4,15,Monday,false,34.1961665542548,5244.857142857143,8.966517558808697E-4,-0.265184943073487,false
2014-04-08,118921.30767625879,115305.80518544574,3394,35.038688178037354,33.97342521668997,3615.5024908130436,0.030402478424266733,0.03040247842426661,2014,4,15,Tuesday,false,34.1386887922009,5354.214285714285,0.026363033194235032,-0.3661068050534292,false
2014-04-09,124828.28283680881,121264.70311816283,3563,35.034600852317936,34.03443814711278,3563.579718645982,0.028547855002577747,0.028547855002577657,2014,4,15,Wednesday,false,34.2076663563386,5323.642857142857,0.0241739523346967,-0.3307214447679489,false
2014-04-10,179326.49022809637,183278.50242698644,5380,33.33206138068706,34.06663613884506,-3952.0121988900646,-0.02203808368670606,-0.02203808368670605,2014,4,15,Thursday,false,34.26858932252877,5316.285714285715,-0.027329048564774753,0.011984736926962896,false
2014-04-11,318949.81705616,326322.52601226023,9573,33.31764515367806,34.087801735324376,-7372.708956100221,-0.023115576688987567,-0.023115576688987526,2014,4,15,Friday,false,34.241234656128704,5447.5,-0.0269730198611672,0.7573198715006884,false
2014-04-12,375031.109322689,383727.1940129243,11250,33.33609860646124,34.10908391225993,-8696.084690235264,-0.02318763556959449,-0.023187635569594536,2014,4,15,Saturday,true,34.194649572480124,5550.571428571428,-0.02510775740511885,1.0268183456014826,false
2014-04-13,166393.54070527272,170061.86414652268,4990,33.34539893893241,34.08053389709873,-3668.3234412499587,-0.022046068769866114,-0.02204606876986598,2014,4,15,Sunday,true,34.148876463810005,5602.857142857143,-0.02352866647689259,-0.10938296787353395,false
2014-04-14,193652.32776782895,198212.06872996836,5810,33.33086536451445,34.11567448020109,-4559.740962139418,-0.023546016795657224,-0.023546016795657067,2014,4,16,Monday,false,34.08763538744243,5617.071428571428,-0.022200719243986276,0.03434682536654843,false
2014-04-15,249805.51721349137,255956.65403528852,7497,33.32073058736713,34.141210355514005,-6151.136821797147,-0.02462370283255273,-0.02462370283255262,2014,4,16,Tuesday,false,34.02835602920549,5633.285714285715,-0.02079516980576513,0.3308396520680647,false
2014-04-16,294023.41088805016,301522.3522543714,8821,33.33220846707291,34.18233219072343,-7498.941366321233,-0.025504572386504505,-0.025504572386504495,2014,4,16,Wednesday,false,33.96720620517782,5657.714285714285,-0.01869443528176041,0.5591101908898092,false
2014-04-17,612236.0057972377,627927.7586733897,18366,33.33529379272775,34.189685215800374,-15691.752876151935,-0.025630235281112787,-0.025630235281112683,2014,4,16,Thursday,false,33.91840604823841,5961.0,-0.0171916172794608,2.0810266733769502,false
2014-04-18,464815.51786854694,476692.5436944089,13940,33.3440113248599,34.1960217858256,-11877.025825861958,-0.025552128466633645,-0.02555212846663346,2014,4,16,Friday,false,33.869068886964875,6987.357142857143,-0.015502568548822851,0.9950318432270528,false
2014-04-19,360480.94044953777,369765.6127632247,10814,33.334653268867925,34.19323217710604,-9284.672313686926,-0.025756347345600228,-0.02575634734560038,2014,4,16,Saturday,true,33.80180583538933,7586.071428571428,-0.013820343469114704,0.425507273668848,false
2014-04-20,114279.57725376953,117190.8261541667,3429,33.32737744350234,34.17638558010111,-2911.2489003971714,-0.025474795850289545,-0.025474795850289614,2014,4,16,Sunday,true,33.72907195349652,7907.071428571428,-0.011909444485991488,-0.566337545957958,false
2014-04-21,161170.82040273017,165415.08384550374,4834,33.341088209087744,34.219090576231636,-4244.263442773576,-0.026333944520280417,-0.026333944520280428,2014,4,17,Monday,false,33.639747283290454,7905.785714285715,-0.008878160459637593,-0.38854907346337675,false
2014-04-22,182483.14649530518,187344.73717165823,5475,33.33025506763565,34.21821683500607,-4861.590676353051,-0.02664131329233808,-0.026641313292338084,2014,4,17,Tuesday,false,33.57648011200815,7975.785714285715,-0.007333259577868684,-0.3135472546368025,false
2014-04-23,109358.41252901952,106849.89879556595,3121,35.03954262384477,34.23578942504516,2508.5137334535684,0.022938461481304927,0.02293846148130491,2014,4,17,Wednesday,false,33.45444917555089,8124.428571428572,0.04738064703968553,-0.6158499059274498,false
2014-04-24,98430.1141092905,96197.48223143081,2809,35.04098045898558,34.24616668972261,2232.6318778596906,0.02268240668075137,0.022682406680751374,2014,4,17,Thursday,false,33.454802159231384,8092.857142857143,0.04741257449990663,-0.6529037952338923,false
2014-04-25,295741.3469618826,292327.02825568395,8537,34.642303732210685,34.24236010960337,3414.3187061986537,0.011544948791481352,0.011544948791481395,2014,4,17,Friday,false,33.576867807681275,7909.214285714285,0.03173124815071863,0.07937396707276329,false
2014-04-26,285053.9799331276,281159.581123413,8209,34.724568148754734,34.25016215414947,3894.398809714592,0.013661969605294411,0.013661969605294451,2014,4,17,Saturday,true,33.67148627757646,7835.214285714285,0.03127518228619364,0.04770587001905323,false
2014-04-27,124964.7964680588,123042.15895289756,3592,34.78975402785601,34.25449859490467,1922.6375151612447,0.01538543309397278,0.01538543309397268,2014,4,17,Sunday,true,33.770662673454574,7618.0,0.03017682431214167,-0.5284851667104227,false
2014-04-28,124175.8083521588,122516.06570420253,3576,34.72477862196834,34.26064477186871,1659.742647956271,0.013366070815092192,0.013366070815092194,2014,4,18,Monday,false,33.87383089409197,7518.142857142857,0.02512109511725732,-0.5243506185038098,false
2014-04-29,131842.57163224378,130405.26385817112,3807,34.63161850072072,34.254075087515396,1437.3077740726585,0.010901697048824453,0.010901697048824512,2014,4,18,Tuesday,false,33.97339612676724,7358.571428571428,0.0193746416018407,-0.4826441467676179,false
2014-04-30,154850.05725768136,150644.34824066723,4398,35.20919901266061,34.25292138259828,4205.709017014131,0.027159880283515403,0.02715988028351541,2014,4,18,Wednesday,false,34.067030977721075,7095.0,0.03352707888417058,-0.38012684989429174,false
2014-05-01,180294.26873002757,175656.65039321326,5124,35.1862351151498,34.28115737572468,4637.61833681431,0.02572249450568323,0.025722494505683174,2014,5,18,Thursday,false,34.201101730977335,6779.071428571428,0.02880414180576494,-0.2441442675461241,false
2014-05-02,163849.03582968138,157300.625596072,4581,35.76708924463684,34.33761746257848,6548.410233609378,0.0399661200351301,0.039966120035130025,2014,5,18,Friday,false,34.333311825436056,5833.214285714285,0.0417605335159821,-0.2146696871364721,false
2014-05-03,131436.79244744137,127601.94472593981,3697,35.55228359411452,34.51499722097371,3834.847721501559,0.029176364167856794,0.029176364167856877,2014,5,18,Saturday,true,34.50638881970584,5164.714285714285,0.030310177627494665,-0.2841811191325754,false
2014-05-04,93082.04395689281,91601.50654339502,2642,35.23165933266193,34.67127424049774,1480.53741349779,0.015905725213591584,0.015905725213591564,2014,5,18,Sunday,true,34.66479098579488,4656.357142857143,0.01635285633481364,-0.43260366012670853,false
2014-05-05,110887.01329721222,109460.1532226706,3154,35.15758189512119,34.705184915241155,1426.8600745416188,0.012867693268256609,0.012867693268256717,2014,5,19,Monday,false,34.80081112073485,4600.142857142857,0.010251794797212973,-0.31436911897146047,false
2014-05-06,119385.57536795686,115693.10664184783,3324,35.91623807700267,34.80538707636818,3692.4687261090294,0.030928935214564367,0.030928935214564496,2014,5,19,Tuesday,false,34.93056066973724,4480.142857142857,0.028218195997048168,-0.2580593731067249,false
2014-05-07,91719.58937883745,93157.1705825259,2677,34.26208045529976,34.799092485067575,-1437.5812036884454,-0.015673655032957878,-0.015673655032957843,2014,5,19,Wednesday,false,35.11527374183488,4326.5,-0.0242969282485947,-0.3812550560499249,false
2014-05-08,96335.44895138746,93696.21613721379,2683,35.90586990361068,34.922182682524706,2639.2328141736652,0.027396278762405187,0.027396278762405177,2014,5,19,Thursday,false,35.05974072979596,4294.785714285715,0.024133925585354463,-0.3752889716766179,false
2014-05-09,303226.29835425445,325836.9401138924,9328,32.50710745650241,34.93106133296445,-22610.641759637918,-0.07456688909357811,-0.07456688909357796,2014,5,19,Friday,false,35.12151854726918,4285.785714285715,-0.07443901058116553,1.1764970583823602,true
2014-05-10,431695.70916738006,465253.815715588,13306,32.443687747435746,34.96571589625643,-33558.10654820793,-0.07773555732794311,-0.07773555732794322,2014,5,19,Saturday,true,34.969004527575734,4342.285714285715,-0.07221586128219873,2.0642847743124095,true
2014-05-11,200407.27706754216,215907.8249128291,6173,32.46513479143725,34.976158255763664,-15500.547845286928,-0.07734523452490631,-0.07734523452490644,2014,5,19,Sunday,true,34.80608449891009,4706.357142857143,-0.06725691042743236,0.31163016588504905,true
2014-05-12,183413.70834773596,197835.4950837978,5653,32.44537561431735,34.99654963449457,-14421.786736061855,-0.07862981925385555,-0.07862981925385541,2014,5,20,Monday,false,34.64004026773732,4890.714285714285,-0.06335629625303912,0.15586388199211343,true
2014-05-13,146166.6011247823,157693.18930052698,4503,32.45982703193033,35.01958456596202,-11526.588175744691,-0.0788592475096582,-0.07885924750965824,2014,5,20,Tuesday,false,34.47722576719082,5039.071428571428,-0.05851395204715941,-0.10638297872340423,false
2014-05-14,201120.72764081473,218098.76188801107,6253,32.16387776120498,34.879059953304186,-16978.034247196338,-0.08441712819137034,-0.08441712819137033,2014,5,20,Wednesday,false,34.32209780513437,5088.785714285715,-0.06288135580123351,0.22878037140490987,true
2014-05-15,270123.5508233284,289864.79847427225,8408,32.126968461385395,34.47488088419033,-19741.24765094387,-0.07308228990316894,-0.0730822899031689,2014,5,20,Thursday,false,34.10457485860182,5221.285714285715,-0.057986543019979526,0.6103313360146652,true
2014-05-16,415315.38394824736,441790.76722722733,12949,32.07316271127094,34.11775173582727,-26475.383278979978,-0.06374765853190521,-0.06374765853190507,2014,5,20,Friday,false,33.886055811904356,5455.857142857143,-0.053499678767469236,1.3734125841166767,true
2014-05-17,498716.9975550141,526707.3769616452,15508,32.15869213019178,33.963591498687464,-27990.37940663111,-0.056124775261030595,-0.05612477526103046,2014,5,20,Saturday,true,33.62220391666394,6053.571428571428,-0.043528133673200714,1.561793510324484,false
2014-05-18,166433.17212925974,174376.63247461844,5141,32.37369619320361,33.918815886912746,-7943.460345358704,-0.04772762691315793,-0.04772762691315783,2014,5,20,Sunday,true,33.37980452638374,6897.214285714285,-0.030141229029214105,-0.25462660908648416,false
2014-05-19,168520.6293674285,175540.11551824523,5194,32.445250167005874,33.79671072742496,-7019.486150816723,-0.04165357189304114,-0.041653571893041155,2014,5,21,Monday,false,33.17566430213672,7075.714285714285,-0.022016563963236147,-0.2659398344437714,false
2014-05-20,178123.53210953472,187748.1722021974,5550,32.094330109826075,33.82849949589142,-9624.640092662681,-0.05403351246563051,-0.054033512465630464,2014,5,21,Tuesday,false,32.981926321557054,7221.428571428572,-0.02691159403721198,-0.23145400593471813,false
2014-05-21,194878.80263463093,204460.6653774428,6070,32.10523931377775,33.683799897437034,-9581.862742811878,-0.04916831699123511,-0.049168316991234924,2014,5,21,Wednesday,false,32.70893289533016,7380.428571428572,-0.018456535512309396,-0.1775545361283704,false
2014-05-22,115475.09689625975,115011.32260883169,3421,33.754778397035885,33.619211519681876,463.7742874280666,0.004016227739949082,0.004016227739949062,2014,5,21,Thursday,false,32.55487281379287,7622.785714285715,0.036857941055590274,-0.5512139356628154,false
2014-05-23,430521.02453865507,449274.1862583655,13384,32.16684283761619,33.5680055482939,-18753.16171971045,-0.043559223942213454,-0.043559223942213496,2014,5,21,Friday,false,32.4012234204661,7675.5,-0.007233695462927185,0.7437300501595987,false
2014-05-24,590642.8256606437,614245.7941495274,18356,32.17709880478556,33.462943677790776,-23602.968488883693,-0.039961491892301214,-0.039961491892301346,2014,5,21,Saturday,true,32.37691880483137,7965.214285714285,-0.0061716805496634716,1.304520549173639,false
2014-05-25,210764.71795229093,217364.46301139216,6500,32.42534122342937,33.44068661713725,-6599.745059101231,-0.03131332949471724,-0.031313329494717254,2014,5,21,Sunday,true,32.357876737499204,8325.92857142857,0.0020849478622304855,-0.21930629788183206,false
2014-05-26,218189.34852144716,225607.5951852721,6752,32.314773181493955,33.41344715421684,-7418.246663824946,-0.0339991237615147,-0.03399912376151458,2014,5,22,Monday,false,32.35503433978436,8349.285714285714,-0.0012443552946843853,-0.1913080674138078,false
2014-05-27,226132.46392936216,234496.51283165644,7023,32.19884151065957,33.38979251483076,-8364.048902294278,-0.03698738675976656,-0.0369873867597665,2014,5,22,Tuesday,false,32.34570559458269,8427.785714285714,-0.004540450771545912,-0.16668502996041998,false
2014-05-28,243720.86804506715,252929.29469238102,7579,32.15739121850734,33.372383519248054,-9208.42664731387,-0.03778267622783582,-0.03778267622783574,2014,5,22,Wednesday,false,32.327063771634776,8607.785714285714,-0.005248622464633248,-0.11951804429544675,false
2014-05-29,207429.42904813593,215118.84649511724,6448,32.16957646528163,33.36210398497476,-7689.417446981301,-0.03707004103644763,-0.03707004103644762,2014,5,22,Thursday,false,32.32660044715637,8702.5,-0.004857423289263829,-0.25906348750359093,false
2014-05-30,503149.4313453478,521651.08612557297,15637,32.1768517839322,33.36004899440896,-18501.654780225188,-0.03677168973589909,-0.036771689735899,2014,5,22,Friday,false,32.3296438760061,8562.5,-0.004726067897930014,0.8262189781021898,false
2014-05-31,603748.7895260763,626259.3868488161,18775,32.15705936224108,33.35602593069593,-22510.597322739777,-0.03728470799984524,-0.03728470799984529,2014,5,22,Saturday,true,32.33705023833905,8754.5,-0.005566088272472551,1.1446113427380205,false
2014-06-01,456017.4630926764,473223.9807315766,14188,32.141067316935185,33.35381877160816,-17206.5176389002,-0.037732146313447915,-0.037732146313447866,2014,6,22,Sunday,true,32.33693361205686,8987.857142857143,-0.006057046022713985,0.5785742668679965,false
2014-06-02,425845.1960447211,442155.99116118724,13256,32.12471303898017,33.35515926080169,-16310.79511646612,-0.03830217005607175,-0.03830217005607174,2014,6,23,Monday,false,32.32031726375197,9634.07142857143,-0.006052051506040561,0.37594993957457523,false
2014-06-03,328217.769952647,340913.591725203,10223,32.10581727014056,33.347705343363295,-12695.821772555995,-0.03868109205174254,-0.038681092051742534,2014,6,23,Tuesday,false,32.29742175460728,10209.92857142857,-0.005932500926002951,0.0012802664073486656,false
2014-06-04,286405.9988025032,296902.67253080226,8904,32.16599267772947,33.34486439025183,-10496.673728299036,-0.03664962944975611,-0.03664962944975627,2014,6,23,Wednesday,false,32.29824226605832,10543.714285714286,-0.004094637325444354,-0.15551581172262421,false
2014-06-05,184989.88866687592,192824.89012846403,5783,31.988567986663657,33.34340137099499,-7835.001461588108,-0.04235367412808782,-0.04235367412808774,2014,6,23,Thursday,false,32.30258179205487,10746.142857142857,-0.009721012624088478,-0.4618534224904617,false
2014-06-06,288118.3044474556,300213.5594066618,9005,31.99536973319885,33.33854074477088,-12095.254959206155,-0.0419801684672623,-0.041980168467262276,2014,6,23,Friday,false,32.17642390559971,10914.857142857143,-0.005626920285860413,-0.17497774985602849,false
2014-06-07,391930.8780096609,407438.9196005409,12222,32.06765488542472,33.33651772218466,-15508.041590879962,-0.03956830773230808,-0.03956830773230803,2014,6,23,Saturday,true,32.16417582671276,10602.07142857143,-0.0030008833992218216,0.15279359154882124,false
2014-06-08,193772.58110879714,201254.71251154633,6037,32.09749562842424,33.336874691327864,-7482.13140274919,-0.03861295215213246,-0.038612952152132375,2014,6,23,Sunday,true,32.15635840390127,10163.92857142857,-0.0018305174590257738,-0.4060367546294669,false
2014-06-09,214177.98344261837,220255.2191788284,6607,32.416828128139606,33.336645857246616,-6077.235736210045,-0.028374698643281564,-0.02837469864328141,2014,6,24,Monday,false,32.132940861400904,10130.857142857143,0.008834773884008747,-0.3478340571944272,false
2014-06-10,188334.52117067974,195254.78100370185,5857,32.15545862569229,33.33699522002763,-6920.259833022108,-0.036744510724884924,-0.03674451072488485,2014,6,24,Tuesday,false,32.140230500447025,10120.5,4.7380261460954636E-4,-0.4212736524875253,false
2014-06-11,174324.99481545974,180978.6010382294,5429,32.10996404779144,33.33553159665305,-6653.606222769653,-0.038167826878831426,-0.038167826878831426,2014,6,24,Wednesday,false,32.137131722949356,10037.214285714286,-8.45367140792828E-4,-0.45911287280904634,false
2014-06-12,200271.56431625973,207757.70297321578,6232,32.13600197629328,33.33724373767904,-7486.138656956056,-0.037379937998258644,-0.037379937998258624,2014,6,24,Thursday,false,32.13374406789823,9883.642857142857,7.02659606138913E-5,-0.36946325458369167,false
2014-06-13,468701.63017391367,486180.5443618799,14585,32.135867684190174,33.33428483797599,-17478.914187966206,-0.0372921984109178,-0.037292198410917715,2014,6,24,Friday,false,32.13134589011334,9868.214285714286,1.407284367203573E-4,0.4779776338170894,false
2014-06-14,473425.7541569488,492135.2922944348,14745,32.107545212407516,33.37641860253881,-18709.53813748597,-0.039519476862434136,-0.03951947686243415,2014,6,24,Saturday,true,32.128418454417485,9793.07142857143,-6.496815907569007E-4,0.5056563313713046,false
2014-06-15,224232.1213750946,233554.0322464338,6991,32.07439870906803,33.407814654045744,-9321.910871339205,-0.04157259367735967,-0.041572593677359715,2014,6,24,Sunday,true,32.12488172942937,9505.214285714286,-0.0015714616721870687,-0.2645089537321621,false
2014-06-16,185606.27501469472,193340.31536521245,5788,32.067428302469715,33.403648128060205,-7734.040350517724,-0.041669067222567815,-0.041669067222567996,2014,6,25,Monday,false,32.12011968601029,8991.142857142857,-0.0016404479203583368,-0.3562553624201595,false
2014-06-17,212687.50941481217,221403.64501724,6632,32.06988983938663,33.384144302961396,-8716.135602427821,-0.04098094724231514,-0.04098094724231516,2014,6,25,Tuesday,false,32.11602791911668,8457.714285714286,-0.0014366060412653366,-0.2158637929869604,false
2014-06-18,184259.69242149973,192057.5108470778,5752,32.03402163099786,33.38969242821241,-7797.818425578065,-0.042319719104601104,-0.042319719104601264,2014,6,25,Wednesday,false,32.113461674062826,8201.214285714286,-0.0024737302963861,-0.298640445230236,false
2014-06-19,113735.8161577795,119544.0197640804,3578,31.78753945158734,33.41084957073237,-5808.2036063009,-0.0510674983704649,-0.051067498370464995,2014,6,25,Thursday,false,32.104035170724856,7976.071428571428,-0.009858440456298918,-0.5514082299735817,false
2014-06-20,203165.08297513984,205350.6430787224,6119,33.20233420087266,33.55951022695251,-2185.5601035825675,-0.010757557704194683,-0.010757557704194808,2014,6,25,Friday,false,32.08967598964798,7818.571428571428,0.034673401239190556,-0.21737621048784944,false
2014-06-21,203345.24456475486,206918.9125938658,6161,33.005233657645654,33.58528040802886,-3573.668029110937,-0.017574387032065115,-0.017574387032065025,2014,6,25,Saturday,true,32.17588773733896,7612.428571428572,0.025775385813031258,-0.19066564077542367,false
2014-06-22,134944.48896695639,135372.52702503128,4015,33.610084425144805,33.71669415318338,-428.0380580748897,-0.0031719565678573402,-0.0031719565678573355,2014,6,25,Sunday,true,32.242857649640456,7179.5,0.042404019840952135,-0.44076885576990044,false
2014-06-23,138298.21024496638,139206.02689008065,4133,33.461942957891694,33.68159373096556,-907.8166451142752,-0.006564196626306788,-0.006564196626306881,2014,6,26,Monday,false,32.35089970654907,7035.071428571428,0.03434350393407154,-0.4125148490725041,false
2014-06-24,36692.67986190049,35299.064235203216,1047,35.04553950515806,33.71448351022275,1393.6156266972757,0.03798075343481041,0.0379807534348103,2014,6,26,Tuesday,false,32.42555076581708,6858.357142857143,0.08080013068283691,-0.8473395336242541,false
2014-06-25,56077.54269213074,53925.25763103767,1601,35.02657257472251,33.68223462275932,2152.285061093069,0.038380516651902,0.03838051665190198,2014,6,26,Wednesday,false,32.63198511435034,6514.785714285715,0.07338160556217935,-0.7542513184295065,false
2014-06-26,55780.707452340735,53688.24119505065,1592,35.03813282182207,33.72376959488106,2092.466257290085,0.03751236498887894,0.037512364988878846,2014,6,26,Thursday,false,32.84031429484542,6241.357142857143,0.0669244059981976,-0.7449272708545531,false
2014-06-27,131721.2383167888,127302.42713472138,3759,35.04156379802841,33.866035417590155,4418.811182067424,0.03354668722017484,0.033546687220174766,2014,6,26,Friday,false,33.04760935524034,5909.928571428572,0.060335814955761485,-0.36395170354971657,false
2014-06-28,146169.07657195258,141012.32941184982,4172,35.03573263949007,33.79969544866966,5156.747160102765,0.03527933049207112,0.03527933049207106,2014,6,26,Saturday,true,33.25515907765735,5136.642857142857,0.053542776856809714,-0.18779636505221584,false
2014-06-29,62073.58541298098,60083.86983686743,1772,35.030240075045704,33.90737575443986,1989.715576113551,0.0320541428834149,0.03205414288341491,2014,6,26,Sunday,true,33.46431532244896,4381.428571428572,0.04679386796078476,-0.5955656993805021,false
2014-06-30,93619.84699129574,90294.37608768833,2672,35.037367885963974,33.792805422039045,3325.4709036074055,0.03552100340344062,0.035521003403440665,2014,6,27,Monday,false,33.67544684859023,4008.6428571428573,0.04044255280403984,-0.3334402451845121,false
2014-07-01,180183.03135601137,173842.92092590587,5143,35.03461624655092,33.80185123972504,6340.110430105502,0.03518705608619998,0.03518705608619995,2014,7,27,Tuesday,false,33.88758539026839,3786.0714285714284,0.03384811408286184,0.35840015092915767,false
2014-07-02,104760.70623579,101615.73201573636,2990,35.03702549691973,33.985194654092425,3144.974220053642,0.03002055191356859,0.03002055191356865,2014,7,27,Wednesday,false,34.099351562208696,3679.714285714286,0.027498292247593124,-0.18743691280378913,false
2014-07-03,93450.5336849105,90927.08965764765,2667,35.03957018556824,34.0933969469995,2523.4440272628417,0.02700299214738785,0.027002992147387713,2014,7,27,Thursday,false,34.31385183834597,3482.4285714285716,0.021149428243764635,-0.23415514624441075,false
2014-07-04,98087.55590394074,95423.27398722722,2799,35.04378560340862,34.09191639415049,2664.2819167135167,0.027162282637796638,0.027162282637796662,2014,7,27,Friday,false,34.54613974791603,3417.3571428571427,0.014405252196741106,-0.180946010910687,false
2014-07-05,117562.26290534917,114395.62762744626,3355,35.04091293751093,34.09705741503614,3166.635277902911,0.026935814262544506,0.026935814262544627,2014,7,27,Saturday,true,34.67767199095432,3180.214285714286,0.010474778890905938,0.05496035756799854,false
2014-07-06,70153.08097215135,68252.24220948873,2002,35.04149898708859,34.0920290756687,1900.8387626626209,0.027095584916893335,0.027095584916893303,2014,7,27,Sunday,true,34.82307765380184,2979.785714285714,0.006272315602262751,-0.32813960735431597,false
2014-07-07,68918.41528749111,66990.88135215205,1967,35.03732348118511,34.057387570997484,1927.533935339059,0.027968343835220368,0.02796834383522043,2014,7,28,Monday,false,34.92532155108354,2836.0,0.0032068976068767335,-0.30641748942172076,false
2014-07-08,108417.40283335964,105373.30003337098,3094,35.041177386347655,34.057304471031344,3044.1027999886574,0.02807762149281073,0.028077621492810824,2014,7,28,Tuesday,false,35.03784873131879,2681.285714285714,9.500169529218672E-5,0.15392402365602859,false
2014-07-09,81802.6082085011,79496.49424396551,2335,35.03323692012895,34.04560781326146,2306.113964535587,0.028191203374074457,0.02819120337407441,2014,7,28,Wednesday,false,35.037537151403754,2827.5,-1.227321217305396E-4,-0.17418213969938107,false
2014-07-10,103998.55973343049,101270.97105094598,2968,35.039946001829684,34.120947119590966,2727.5886824845074,0.02622717746741756,0.026227177467417626,2014,7,28,Thursday,false,35.038013176075644,2879.9285714285716,5.5163680210017415E-5,0.030581115603065506,false
2014-07-11,134018.08926347757,130633.26271454827,3825,35.037408957771916,34.152486984195626,3384.826548929297,0.025256490131528277,0.02525649013152837,2014,7,28,Friday,false,35.03814268893333,2978.214285714286,-2.0940926233586885E-5,0.28432665787264655,false
2014-07-12,99277.29950301051,96688.49781301751,2833,35.043169609251855,34.129367388993124,2588.8016899929935,0.026076471690434026,0.026076471690433936,2014,7,28,Saturday,true,35.037845914629294,2982.9285714285716,1.5194126475504019E-4,-0.05026220636479015,false
2014-07-13,49705.23199992073,48370.308994006264,1419,35.028352360761616,34.08760323749561,1334.9230059144684,0.026856790567170018,0.02685679056716999,2014,7,28,Sunday,true,35.03837712675513,2887.285714285714,-2.861081709705864E-4,-0.5085349562119638,false
2014-07-14,75384.57455073134,73393.44659366891,2151,35.04629221326422,34.12061673345835,1991.127957062432,0.026412936186599664,0.026412936186599734,2014,7,29,Monday,false,35.038242290020555,2862.0714285714284,2.2974677716526548E-4,-0.24844642990840796,false
2014-07-15,110288.23417419061,107437.3809516128,3148,35.03438188506691,34.1287741269418,2850.853222577818,0.025849114766631813,0.025849114766631993,2014,7,29,Tuesday,false,35.038879741970575,2824.8571428571427,-1.2836760012852237E-4,0.11439263679579253,false
2014-07-16,156536.68620542108,164641.35398748523,4825,32.44283651925826,34.12256041191404,-8104.667782064149,-0.05177487768859817,-0.051774877688598085,2014,7,29,Wednesday,false,35.03886300186458,2682.3571428571427,-0.07408991788541121,0.798791041993982,true
2014-07-17,80823.05919792122,78844.86050033744,2307,35.03383580317348,34.17635912455025,1978.198697583779,0.02447567213138424,0.024475672131384362,2014,7,29,Thursday,false,34.853563789174466,2813.4285714285716,0.005172269185712604,-0.18000406215090894,false
2014-07-18,124615.6856084088,121612.17892455596,3557,35.033929043690975,34.18953582360302,3003.5066838528437,0.024102155913911478,0.02410215591391148,2014,7,29,Friday,false,34.85315419043199,2787.714285714286,0.005186757338267401,0.27595572409552116,false
2014-07-19,242758.9505283758,255779.85446049325,7485,32.43272552149309,34.17232524522288,-13020.90393211745,-0.05363717343388108,-0.05363717343388117,2014,7,29,Saturday,true,34.85245015045216,2841.8571428571427,-0.069427676347388,1.6338410496154427,true
2014-07-20,85078.24368943609,83020.51412546248,2428,35.04046280454534,34.192962984127874,2057.729563973611,0.02418631926024483,0.024186319260244848,2014,7,29,Sunday,true,34.66615104930802,3136.8571428571427,0.010797615077165996,-0.22597686492394567,false
2014-07-21,86738.06742726086,84643.27182721549,2475,35.04568380899428,34.1993017483699,2094.7956000453705,0.02415082168855192,0.02415082168855174,2014,7,30,Monday,false,34.666077036269215,3167.285714285714,0.010950381617392327,-0.2185738126381309,false
2014-07-22,56673.61581162085,55278.70782923058,1618,35.02695662028483,34.164837966149925,1394.907982390272,0.024613004877381547,0.024613004877381574,2014,7,30,Tuesday,false,34.6666742025413,3203.5714285714284,0.010392759791105531,-0.4949386845039019,false
2014-07-23,165742.17046423352,173725.35752062302,5106,32.46027623663014,34.02376763036095,-7983.187056389492,-0.048166299705313866,-0.04816629970531392,2014,7,30,Wednesday,false,34.66565843353681,3098.1428571428573,-0.06361864440379711,0.6480841056854336,true
2014-07-24,95618.24880371086,92416.90383823749,2729,35.037833933202954,33.86475039876786,3201.3449654733704,0.0334804810329169,0.0334804810329169,2014,7,30,Thursday,false,34.48187552757261,3296.0714285714284,0.016123206673772233,-0.17204464188969548,false
2014-07-25,515698.7957661752,538260.2718039068,15897,32.44000728226553,33.859235818324635,-22561.47603773157,-0.043749328528510364,-0.0437493285285103,2014,7,30,Friday,false,34.48172466552784,3279.0,-0.05921157955603828,3.848124428179323,true
2014-07-26,562590.3665478406,586670.514084788,17343,32.43904552544777,33.82751047020631,-24080.147536947392,-0.042802274921107636,-0.04280227492110776,2014,7,30,Saturday,true,34.29619597442024,4141.285714285715,-0.05415033347598166,3.1878298665010862,true
2014-07-27,266305.92588997324,277238.0103614798,8207,32.44863237358027,33.78067629602533,-10932.08447150659,-0.04105084945057994,-0.04105084945057999,2014,7,30,Sunday,true,34.11018711129138,5177.714285714285,-0.04871139323539786,0.5850623551484385,false
2014-07-28,292634.7456928194,304508.379030808,9018,32.45007160044571,33.76673087500643,-11873.633337988576,-0.04057492663722306,-0.04057492663722306,2014,7,31,Monday,false,33.925921397921286,5662.571428571428,-0.043502128657469684,0.5925626923659115,false
2014-07-29,212360.99307795215,221017.07309976683,6548,32.43142838698109,33.753370968198965,-8656.080021814676,-0.04076115814092683,-0.0407611581409267,2014,7,31,Tuesday,false,33.74047706843425,6153.071428571428,-0.03879757475859277,0.06418397316090689,false
2014-07-30,198019.33209153594,205903.82494520774,6102,32.45154573771484,33.74366190514712,-7884.492853671807,-0.039816783393790765,-0.03981678339379069,2014,7,31,Wednesday,false,33.55455181857098,6395.928571428572,-0.03287202543547831,-0.04595557441676068,false
2014-07-31,295508.3272942658,307222.3954216875,9108,32.44491955360845,33.731049124032445,-11714.06812742172,-0.03964039942521453,-0.03964039942521462,2014,7,31,Thursday,false,33.5551739056036,6487.142857142857,-0.03308742655062633,0.4040079277692139,false
2014-08-01,611894.6731809496,636341.3159261962,18867,32.43200684692583,33.727742403466166,-24446.64274524653,-0.03995237059044827,-0.03995237059044826,2014,8,31,Friday,false,33.370251316348956,6972.928571428572,-0.028116194287198998,1.7057497874432754,false
2014-08-02,628685.218828356,653779.9634532441,19384,32.43320361268861,33.72781487067912,-25094.74462488806,-0.03991623132424788,-0.039916231324247875,2014,8,31,Saturday,true,33.18439973086573,8066.5,-0.022637025960075198,1.4030248558854521,false
2014-08-03,307272.68372995686,319500.00945712806,9473,32.436681487380646,33.72743686869293,-12227.325727171206,-0.039793077532127956,-0.03979307753212804,2014,8,31,Sunday,true,33.18443388023683,8916.42857142857,-0.022533227342519564,0.0624208924136827,false
2014-08-04,362106.5326359408,376645.7509344858,11170,32.417773736431585,33.719404738987095,-14539.21829854499,-0.04015177023376878,-0.04015177023376893,2014,8,32,Monday,false,32.99844950043936,9419.642857142857,-0.01759706206802355,0.1858199052132702,false
2014-08-05,262349.59097271576,272809.2904438099,8091,32.42486602060509,33.717623339983916,-10459.699471094122,-0.0398693187678037,-0.03986931876780365,2014,8,32,Tuesday,false,32.81074163811344,10040.714285714286,-0.011760649050983821,-0.19418083517108917,false
2014-08-06,80697.90350079122,77649.63653325358,2303,35.040340208767354,33.71673318855996,3048.2669675376383,0.03777380619941076,0.03777380619941073,2014,8,32,Wednesday,false,32.624878023850606,10503.07142857143,0.07403743189939012,-0.7807308066347939,false
2014-08-07,103272.62271335037,99367.23322268797,2947,35.04330597670525,33.71809746273769,3905.3894906624046,0.03781630976393846,0.03781630976393841,2014,8,32,Thursday,false,32.809168307574694,10302.857142857143,0.06809491932822802,-0.7139628397115918,false
2014-08-08,439421.4220670738,456509.62185022025,13542,32.44878319798212,33.71064996678631,-17088.19978314644,-0.03888795339736094,-0.038887953397360925,2014,8,32,Friday,false,32.80955916782486,10318.42857142857,-0.010996062702254818,0.3124091431419514,false
2014-08-09,408616.3506319135,424340.94938278507,12588,32.46078413027594,33.70995784737727,-15724.598750871548,-0.038482549037878455,-0.038482549037878386,2014,8,32,Saturday,true,32.81018601894747,10150.214285714286,-0.01064918950687309,0.24017086198039445,false
2014-08-10,195866.77301944338,203331.43478475648,6032,32.471281999244596,33.708792238852205,-7464.661765313096,-0.03811091411901748,-0.03811091411901747,2014,8,32,Sunday,true,32.8117387764352,9810.57142857143,-0.010376066306949665,-0.38515304190814575,false
2014-08-11,232347.3531692896,241134.5277944064,7158,32.4598146366708,33.68741656809254,-8787.174625116808,-0.037819129442436226,-0.03781912944243619,2014,8,33,Monday,false,32.81335660683979,9655.214285714286,-0.010774331148289054,-0.25863892937199,false
2014-08-12,190325.18114338472,197438.11163851494,5863,32.462081041000296,33.675270618883665,-7112.930495130218,-0.037372513991049724,-0.0373725139910496,2014,8,33,Tuesday,false,32.81405253799873,9522.357142857143,-0.010726242867772797,-0.38429110439342,false
2014-08-13,197698.11855084094,205114.12894822727,6092,32.452087746362594,33.669423661888914,-7416.01039738633,-0.037511790459853034,-0.037511790459853096,2014,8,33,Wednesday,false,32.816242013285816,9473.42857142857,-0.011096769300268832,-0.35693820309436913,false
2014-08-14,177908.83560484851,184687.52914036706,5485,32.43552153233337,33.67138179405051,-6778.6935355185415,-0.03810206228640958,-0.038102062286409506,2014,8,33,Thursday,false,32.81628072818922,9472.714285714286,-0.011602752883838517,-0.4209684959809378,false
2014-08-15,473321.8824517537,491559.42296304414,14587,32.44819924945182,33.69845910489094,-18237.540511290426,-0.03853094730550388,-0.038530947305503875,2014,8,33,Friday,false,32.8156094409553,9213.92857142857,-0.011196201983222572,0.5831466335904494,false
2014-08-16,541600.8921595308,562953.3707736537,16686,32.458401783502985,33.73806608975511,-21352.478614122956,-0.03942474785996751,-0.03942474785996744,2014,8,33,Saturday,true,32.81676604113572,8908.214285714286,-0.01092015761649176,0.8731026740969409,false
2014-08-17,239513.979042657,249203.12076822476,7380,32.45446870496708,33.76736053769983,-9689.141725567752,-0.04045334541347222,-0.040453345413472064,2014,8,33,Sunday,true,32.81856591047961,8715.5,-0.01109424484012181,-0.15323274625666916,false
2014-08-18,255224.22255235323,265532.5462048222,7864,32.45475871723718,33.76558318982988,-10308.323652468971,-0.040389284172878466,-0.040389284172878535,2014,8,34,Monday,false,32.819836426021496,8566.0,-0.011123690686491581,-0.08195190287181882,false
2014-08-19,160372.03970902972,167021.15782900868,4941,32.45740532463665,33.803108243069964,-6649.118119978957,-0.041460582106723556,-0.04146058210672376,2014,8,34,Tuesday,false,32.82247821036475,8329.857142857143,-0.011122648429782894,-0.4068325644411669,false
2014-08-20,171587.33225254016,174723.17542794356,5151,33.31146034799848,33.92024372509096,-3135.8431754033954,-0.018275493500814498,-0.018275493500814498,2014,8,34,Wednesday,false,32.824802446367,8104.857142857143,0.014825920199417286,-0.364455176789932,false
2014-08-21,164208.06061259517,167239.64875993136,4928,33.321440871062336,33.936617037323735,-3031.5881473361806,-0.018461871701221773,-0.01846187170122174,2014,8,34,Thursday,false,32.70131102774065,8308.285714285714,0.018963455098042592,-0.4068571821589463,false
2014-08-22,376778.83570449764,384006.045320909,11309,33.316724352683494,33.95579143345203,-7227.209616411361,-0.019181570012811334,-0.019181570012811306,2014,8,34,Friday,false,32.578320663051876,8449.785714285714,0.022665492714271946,0.3383771355148483,false
2014-08-23,453633.473978322,463250.071255098,13613,33.32354910587835,34.02997658525659,-9616.597276775981,-0.021199046870239418,-0.02119904687023947,2014,8,34,Saturday,true,32.64031645981626,8290.285714285714,0.02093216978772925,0.6420423214778055,false
2014-08-24,214392.4008527526,218347.79777692942,6424,33.37366140298141,33.98938321558677,-3955.3969241768355,-0.018449333597851968,-0.01844933359785189,2014,8,34,Sunday,true,32.70194252950214,8363.5,0.020540641366282093,-0.23190052011717582,false
2014-08-25,316404.06232243,323293.3966404731,9493,33.330249902289054,34.055977735223124,-6889.334318043082,-0.021773849132893052,-0.021773849132893174,2014,8,35,Monday,false,32.766398201197624,8391.5,0.017208229529201684,0.1312637788238098,false
2014-08-26,242824.50134045485,259860.5125486858,7619,31.870914994153413,34.10690544017401,-17036.01120823095,-0.07015771108017398,-0.0701577110801739,2014,8,35,Tuesday,false,32.82857214874179,8558.285714285714,-0.02917145315517728,-0.1097516191493623,false
2014-08-27,274712.2532841696,304334.78464343684,8909,30.835363484585205,34.160375422992125,-29622.531359267246,-0.10783112513232135,-0.10783112513232136,2014,8,35,Wednesday,false,32.786346002538444,8683.714285714286,-0.059505945487252125,0.02594347382620992,false
2014-08-28,258066.16939498458,287168.5660898254,8400,30.72216302321245,34.18673405831255,-29102.396694840834,-0.11277106473533151,-0.11277106473533166,2014,8,35,Thursday,false,32.67086569812577,8884.92857142857,-0.0596464964509684,-0.05457878108192838,false
2014-08-29,594007.2132037124,660937.8048056035,19317,30.750489889926612,34.21534424629101,-66930.5916018911,-0.11267639536043397,-0.11267639536043396,2014,8,35,Friday,false,32.54848294747428,9093.142857142857,-0.05524045653523113,1.1243480173443097,true
2014-08-30,717096.7128183594,797788.8919762375,23310,30.76347974338736,34.22517769095828,-80692.17915787816,-0.1125262153841688,-0.11252621538416886,2014,8,35,Saturday,true,32.42721799322247,9431.0,-0.051306845076344296,1.4716360937334323,true
2014-08-31,358170.996328817,398562.60743015877,11646,30.754851135910783,34.22313304397723,-40391.61110134178,-0.11277186459916615,-0.11277186459916623,2014,8,35,Sunday,true,32.30615213321421,9904.142857142857,-0.04801874859335302,0.17587156889613295,false
2014-09-01,594953.6349064388,662850.9907610841,19366,30.721555040092884,34.22756329448953,-67897.35585464537,-0.1141220960274035,-0.11412209602740356,2014,9,36,Monday,false,32.184750878281626,10208.857142857143,-0.04546239440293793,0.8969802132601942,false
2014-09-02,469469.9410251276,523480.3033456417,15291,30.702370088622562,34.234536874347114,-54010.362320514105,-0.1150454110066725,-0.11504541100667255,2014,9,36,Tuesday,false,32.06095061562846,11030.42857142857,-0.042374929654881786,0.38625620038076497,false
2014-09-03,464067.7993402126,517180.5432955554,15100,30.73296684372269,34.25036710566592,-53112.7439553428,-0.11445039718518658,-0.11445039718518664,2014,9,36,Wednesday,false,31.935590955913167,11769.714285714286,-0.037657800472541456,0.2829538282274117,false
2014-09-04,312311.9539811907,348177.12054578186,10164,30.727268199644893,34.25591504779436,-35865.16656459117,-0.11483763623966564,-0.11483763623966568,2014,9,36,Thursday,false,31.751412848464895,12480.357142857143,-0.03225508904777813,-0.18560022893117759,false
2014-09-05,501279.0004444809,558766.690346946,16310,30.734457415357504,34.259147170260334,-57487.68990246509,-0.11468202308792333,-0.11468202308792348,2014,9,36,Friday,false,31.566114800506508,12854.357142857143,-0.02634652349219928,0.2688304688238007,false
2014-09-06,552703.9037581525,616169.8514311365,17985,30.73138191593842,34.26020858666313,-63465.94767298398,-0.11482811545466282,-0.11482811545466275,2014,9,36,Saturday,true,31.381667162126085,13211.57142857143,-0.020721819616150945,0.36130664677068797,false
2014-09-07,234153.76221071577,261088.38637296777,7620,30.728840185133304,34.26356776548133,-26934.624162252003,-0.11502964508429911,-0.11502964508429903,2014,9,36,Sunday,true,31.196512362844658,13523.857142857143,-0.014991168636797858,-0.436551279749015,false
2014-09-08,244481.4977293058,272633.3998027578,7958,30.721474959701656,34.25903490861495,-28151.902073451987,-0.11514941758342084,-0.1151494175834209,2014,9,37,Monday,false,31.00759656156979,13609.285714285714,-0.009227467898068208,-0.4152521912559702,false
2014-09-09,122749.63527830881,120070.95018859745,3503,35.04128897468136,34.276605820324704,2678.685089711362,0.021822346629690674,0.02182234662969064,2014,9,37,Tuesday,false,30.82125549424212,13499.642857142857,0.13691958399383192,-0.7405116537474536,false
2014-09-10,78736.40283972122,77071.54270611012,2247,35.04067772128225,34.29975198313757,1664.8601336111024,0.021144731960896845,0.021144731960896824,2014,9,37,Wednesday,false,31.04771077856555,13205.642857142857,0.12860745100322604,-0.8298454664943017,false
2014-09-11,70875.11066874111,69489.36084683513,2023,35.03465678138463,34.34965934099611,1385.749821905978,0.019551995176173342,0.01955199517617335,2014,9,37,Thursday,false,31.348090366901054,12729.785714285714,0.11760098849198315,-0.8410813783196889,false
2014-09-12,148634.39140687516,145956.13969592098,4242,35.03875327837698,34.4073879528338,2678.2517109541805,0.018019057942133147,0.01801905794213304,2014,9,37,Friday,false,31.656125635341926,12274.285714285714,0.10685538975933867,-0.6543994413407821,false
2014-09-13,171724.82878193396,168652.2035714417,4901,35.0387326631165,34.41179424024519,3072.6252104922605,0.017892725427573763,0.017892725427573797,2014,9,37,Saturday,true,31.962430163088378,11197.5,0.09624745316082911,-0.5623130162982809,false
2014-09-14,86435.6988349511,84948.37457716375,2467,35.03676482973291,34.43387700736269,1487.3242577873461,0.01720729140661419,0.017207291406614058,2014,9,37,Sunday,true,32.267805371640456,9882.57142857143,0.08581183090084081,-0.7503686142993438,false
2014-09-15,120236.18270337001,118094.04319314891,3432,35.03385276904721,34.40968624509001,2142.1395102210954,0.017816097135301478,0.017816097135301603,2014,9,38,Monday,false,32.57365634977061,9226.92857142857,0.07552718039569802,-0.6280452402517476,false
2014-09-16,83204.1966941811,81753.42459354558,2375,35.0333459764973,34.4224945657034,1450.7721006355132,0.017436285166815068,0.017436285166815023,2014,9,38,Tuesday,false,32.88167761612449,8088.785714285715,0.06543669655460876,-0.7063836175304434,false
2014-09-17,73768.03473492098,72471.9193234045,2105,35.04419702371543,34.42846523677173,1296.1154115164827,0.017570149674909476,0.0175701496749095,2014,9,38,Wednesday,false,33.19103303668697,7166.214285714285,0.05583327234738689,-0.7062605280732006,false
2014-09-18,69425.44511577097,68280.38327689518,1982,35.02797432682693,34.45024383294409,1145.0618388757866,0.016493402915405575,0.01649340291540559,2014,9,38,Thursday,false,33.498978049543595,6238.0,0.045643072305728595,-0.6822699583199744,false
2014-09-19,137154.95408779135,135276.90958604595,3915,35.033193892156156,34.55348903858134,1878.044501745404,0.013692866686705963,0.01369286668670597,2014,9,38,Friday,false,33.80617134434231,5653.571428571428,0.036295815202368256,-0.30751737207833224,false
2014-09-20,153569.06188021015,151376.13558980462,4383,35.03743141232265,34.53710599813019,2192.926290405536,0.014279740095802003,0.014279740095802108,2014,9,38,Saturday,true,34.11322394982793,4768.214285714285,0.02709235174763877,-0.0807879559583551,false
2014-09-21,75633.32058868634,74546.66825359916,2159,35.031644552425355,34.528331752477605,1086.6523350871867,0.014367375736372657,0.014367375736372732,2014,9,38,Sunday,true,34.42079891385537,3796.6428571428573,0.01774641082848605,-0.4313397174195248,false
2014-09-22,90815.92981269087,89653.6375894529,2592,35.037009958599874,34.588594749017325,1162.2922232379642,0.012798329826443536,0.012798329826443574,2014,9,39,Monday,false,34.72814208294766,3406.5714285714284,0.008893878483752024,-0.23911767172691434,false
2014-09-23,110118.15639147014,108880.40896318309,3143,35.036002669891865,34.64219184320174,1237.7474282870535,0.01124017572439971,0.011240175724399682,2014,9,39,Tuesday,false,35.036394582868965,3023.285714285714,-1.1185882045415787E-5,0.03959741057506027,false
2014-09-24,209908.3831116397,223554.08660175066,6457,32.508654655666675,34.621974074918796,-13645.703490110958,-0.06500790148458957,-0.06500790148458951,2014,9,39,Wednesday,false,35.03601698966971,2997.5714285714284,-0.0721361202315955,1.1540771100414622,true
2014-09-25,358365.68296879344,382967.98317568295,11039,32.463600232701644,34.692271326721894,-24602.300206889515,-0.06865138425944621,-0.06865138425944627,2014,9,39,Thursday,false,34.8551581992686,3298.285714285714,-0.06861417621157552,2.3468901593901594,true
2014-09-26,585463.9960073602,625980.9302094147,18036,32.460855844275905,34.707303737492495,-40516.934202054515,-0.06920482639131434,-0.06920482639131419,2014,9,39,Friday,false,34.6715113029341,3942.285714285714,-0.0637599970576165,3.575010871140745,true
2014-09-27,617019.0915344206,661010.5912638623,19017,32.44565870192042,34.7589310229722,-43991.49972944171,-0.07129682101090648,-0.07129682101090636,2014,9,39,Saturday,true,34.487375771926885,4927.571428571428,-0.0592018680548157,2.859304786478416,true
2014-09-28,283850.5971054995,304440.6515064546,8747,32.4511943644106,34.80515050948378,-20590.054400955152,-0.07253835155154666,-0.0725383515515466,2014,9,39,Sunday,true,34.302156203270016,5935.857142857143,-0.05396050988430189,0.47358667661428117,true
2014-09-29,264317.1103681058,283912.9686974417,8147,32.443489673266946,34.84877484932388,-19595.858329335868,-0.07413768371652277,-0.0741376837165227,2014,9,40,Monday,false,34.11747259860414,6384.428571428572,-0.0490652676718404,0.2760734823566266,false
2014-09-30,358024.9813488259,384823.4398780722,11036,32.441553221169436,34.869829637375155,-26798.458529246273,-0.0748508062992855,-0.07485080629928563,2014,9,40,Tuesday,false,33.932446663191264,6721.214285714285,-0.04393710411807994,0.6419652061170921,false
2014-10-01,594438.2807802997,639306.5687824654,18330,32.42980255211673,34.877608771547486,-44868.28800216573,-0.07548014563138263,-0.07548014563138256,2014,10,40,Wednesday,false,33.74731860923928,7339.857142857143,-0.03904061452638904,1.4973238093384456,false
2014-10-02,470507.6630444389,506072.0333414291,14503,32.44209219088732,34.89430003043709,-35564.37029699021,-0.07558722862635119,-0.07558722862635124,2014,10,40,Thursday,false,33.56057614698222,8498.785714285714,-0.03332731688503724,0.7064790768429104,false
2014-10-03,518693.52866487246,557939.3692763688,15986,32.446736435935975,34.901749610682394,-39245.8406114963,-0.07566286919467817,-0.07566286919467809,2014,10,40,Friday,false,33.3758702801294,9393.142857142857,-0.027838490394259188,0.7018797907287991,false
2014-10-04,656245.8284286658,705891.3002624522,20223,32.4504686954787,34.90537013610504,-49645.47183378646,-0.0756507236817932,-0.07565072368179335,2014,10,40,Saturday,true,33.19112331897081,10255.357142857143,-0.022314840518482294,0.9719449764931221,false
2014-10-05,280055.1177167632,301279.65498243197,8631,32.44758634187965,34.906691574838604,-21224.53726566874,-0.07578700021163122,-0.07578700021163119,2014,10,40,Sunday,true,33.00634026776767,11386.785714285714,-0.016928684651344724,-0.2420161214440297,false
2014-10-06,375648.0174559537,404178.9210552279,11579,32.44218131582638,34.90620269930287,-28530.90359927423,-0.0759511624538777,-0.07595116245387769,2014,10,41,Monday,false,32.82176468130012,11849.07142857143,-0.011564989547621704,-0.022792623894578905,false
2014-10-07,78111.71646312073,74251.87472596546,2127,36.72389114392136,34.90920297412575,3859.841737155264,0.04941437612598912,0.04941437612598907,2014,10,41,Tuesday,false,32.63641977824487,12491.0,0.12524263977022243,-0.8297173965254984,false
2014-10-08,70509.13279154037,67141.97962908403,1923,36.666215700229,34.91522601616434,3367.153162456336,0.04775485145181539,0.04775485145181555,2014,10,41,Wednesday,false,32.75698324067555,12418.42857142857,0.11934042982014328,-0.845149489813526,false
2014-10-09,103281.31104757206,98065.93907845089,2809,36.76799966093701,34.91133466658985,5215.371969121174,0.05049676380191319,0.05049676380191307,2014,10,41,Thursday,false,33.053951886715716,12094.57142857143,0.1123631990192966,-0.7677470411754979,false
2014-10-10,179841.43177972364,170757.58117720697,4891,36.76986951129087,34.912611158701075,9083.850602516672,0.05051033297845907,0.050510332978459166,2014,10,41,Friday,false,33.36140898873253,11506.714285714286,0.10216776286965325,-0.5749438216196755,false
2014-10-11,138038.23975289488,131192.31677147365,3758,36.73183601726846,34.91014283434637,6845.92298142123,0.0495943949566168,0.04959439495661686,2014,10,41,Saturday,true,33.669195679233596,10567.785714285714,0.09096268194858707,-0.6443909725648703,false
2014-10-12,61037.56222997037,57992.34151118769,1661,36.74747876578589,34.91411289054045,3045.220718782679,0.04989092957725349,0.04989092957725347,2014,10,41,Sunday,true,33.975351201758464,9477.857142857143,0.08159231519243137,-0.8247494159318712,false
2014-10-13,86799.75945404172,82392.33326461639,2360,36.77955909069564,34.91200562060016,4407.426189425329,0.050776940133790915,0.050776940133790964,2014,10,42,Monday,false,34.28222865899955,8971.714285714286,0.07284621010310276,-0.7369510525142512,false
2014-10-14,69570.50146670073,66313.9409792702,1894,36.73204934883883,35.01264043256083,3256.560487430528,0.04680950142337626,0.04680950142337628,2014,10,42,Tuesday,false,34.591947903101605,8558.357142857143,0.06186704061107052,-0.77869584449619,false
2014-10-15,130476.35534524244,124398.43162958851,3548,36.774621010496745,35.06156472085358,6077.923715653931,0.046582568156288945,0.046582568156289014,2014,10,42,Wednesday,false,34.898411912220844,7905.357142857143,0.05376201940062732,-0.5511904224079512,false
2014-10-16,95229.77348008122,91087.85133554287,2591,36.75406155155586,35.15548102491041,4141.922144538345,0.04349398295486539,0.043493982954865534,2014,10,42,Thursday,false,35.20875608781942,6849.5,0.043889805702935464,-0.621724213446237,false
2014-10-17,121057.86128350305,116949.79127421073,3293,36.76218077239692,35.51466482666588,4108.070009292322,0.033934764465000024,0.03393476446499992,2014,10,42,Friday,false,35.51675389929574,5998.642857142857,0.035065898100723365,-0.45104249770781485,false
2014-10-18,169498.91638532488,164492.9466328486,4611,36.759686919393815,35.67402876444341,5005.969752476289,0.02953393366301015,0.029533933663010218,2014,10,42,Saturday,true,35.82499992332866,5092.0,0.026090355842722558,-0.09446190102120974,false
2014-10-19,90692.37587550195,87911.21158320548,2468,36.74731599493596,35.62042608719833,2781.1642922964675,0.030665910617605978,0.030665910617605947,2014,10,42,Sunday,true,36.132801225036886,3976.8571428571427,0.017007116776577753,-0.3794094403333573,false
2014-10-20,101723.91500409231,98870.81187719772,2773,36.683705374717746,35.65481856372078,2853.1031268945953,0.02804751593349328,0.028047515933493184,2014,10,43,Monday,false,36.43992477168377,3536.6428571428573,0.0066899315671312635,-0.21592309090541884,false
2014-10-21,103395.69126874243,100424.15574332293,2815,36.730263328150066,35.67465568146463,2971.535525419502,0.028739452185642743,0.028739452185642795,2014,10,43,Tuesday,false,36.74289077589028,2907.6428571428573,-3.436705026078309E-4,-0.03186184194364612,false
2014-10-22,99075.59909602182,96511.72215753814,2701,36.6810807463983,35.73184826269461,2563.876938483678,0.02587798571875227,0.02587798571875213,2014,10,43,Wednesday,false,36.74334593190663,2956.785714285714,-0.001694597591186207,-0.08650803237105929,false
2014-10-23,97476.14471957207,94763.84254876594,2651,36.7695755260551,35.74645135751261,2712.302170806128,0.02782529180456528,0.02782529180456535,2014,10,43,Thursday,false,36.74440772091872,3012.3571428571427,6.849424632866982E-4,-0.1199582671377421,false
2014-10-24,248974.6527827964,241961.14324530264,6781,36.71650977478195,35.682221389957625,7013.509537493752,0.028169572521152524,0.02816957252115242,2014,10,43,Friday,false,36.74452028271287,3001.0714285714284,-7.623043576405149E-4,1.2595263596334643,false
2014-10-25,302721.6833004003,294129.6711231186,8249,36.69798561042555,35.656403336540016,8592.012177281722,0.028382546250430286,0.028382546250430365,2014,10,43,Saturday,true,36.74070887296223,3136.0714285714284,-0.0011628317429695282,1.6303610067190526,false
2014-10-26,128520.72780395366,124739.23394868796,3502,36.699236951443076,35.61942716981381,3781.4938552656968,0.029423221606976982,0.02942322160697691,2014,10,43,Sunday,true,36.738290986759175,3456.8571428571427,-0.0010630335344171038,0.013058930490123207,false
2014-10-27,145185.26833608488,140651.93717842025,3949,36.765071748818656,35.617102349561975,4533.331157664623,0.031224456927479414,0.03122445692747948,2014,10,44,Monday,false,36.73484514287754,3588.3571428571427,8.228319957128576E-4,0.10050361287497268,false
2014-10-28,89527.5566318617,87067.05131891428,2435,36.76696370918345,35.75648924801408,2460.5053129474254,0.027483217519998344,0.027483217519998326,2014,10,44,Tuesday,false,36.733810332743474,3701.8571428571427,9.025302885724472E-4,-0.3422220507081387,false
2014-10-29,81991.88284141109,80112.54801498825,2232,36.73471453468239,35.892718644708,1879.3348264228407,0.022920986337853163,0.022920986337853184,2014,10,44,Wednesday,false,36.73630421562523,3740.5,-4.327275094173661E-5,-0.4032883304371073,false
2014-10-30,69704.49111259049,68293.09638979612,1898,36.72523240916254,35.98161032128352,1411.3947227943718,0.02024826091212129,0.02024826091212135,2014,10,44,Thursday,false,36.73345375306707,3646.5,-2.238108063509819E-4,-0.47950089126559714,false
2014-10-31,166652.39481922364,163319.7164706766,4537,36.73184809769091,35.99729258776209,3332.6783485470514,0.019997782523090517,0.019997782523090486,2014,10,44,Friday,false,36.7313945286104,3597.0,1.2348267369820544E-5,0.2613288851820962,false
2014-11-01,247453.10218524758,242638.8011974684,6730,36.76866302901153,36.05331369947525,4814.300987779192,0.019455407692464993,0.019455407692464902,2014,11,44,Saturday,true,36.72922790898854,3685.8571428571427,0.001073671358426121,0.8258982209991862,false
2014-11-02,148476.18120917486,145646.33680169418,4038,36.76973284031076,36.06892937139529,2829.8444074806757,0.019059248321412307,0.019059248321412176,2014,11,44,Sunday,true,36.729869059675515,3837.214285714286,0.0010853232438829761,0.05232590607025184,false
2014-11-03,205368.92263440124,201281.239025563,5581,36.797871821250894,36.06544329431338,4087.6836088382406,0.019904100174470675,0.019904100174470717,2014,11,45,Monday,false,36.73147026291657,3949.3571428571427,0.0018077566146696004,0.41314137924797895,false
2014-11-04,99244.68184604915,90949.44225220109,2519,39.398444559765444,36.105376042953985,8295.239593848062,0.08358371894139222,0.08358371894139224,2014,11,45,Tuesday,false,36.73962500909751,4149.928571428572,0.07236926207084464,-0.39300160071601925,false
2014-11-05,72756.86310007049,67872.77432688524,1847,39.39191288579886,36.7475767877018,4884.088773185256,0.06712890805184431,0.06712890805184442,2014,11,45,Wednesday,false,36.93020938278433,4128.785714285715,0.06665826011162829,-0.5526529764891096,false
2014-11-06,86867.45808059514,84486.0860860636,2309,37.621246461929466,36.58990302557973,2381.371994531539,0.027413856087766666,0.027413856087766697,2014,11,45,Thursday,false,37.12384024988437,4067.785714285714,0.013398565684395994,-0.4323693128939929,false
2014-11-07,140167.80386220515,136539.20329644668,3722,37.6592702477714,36.684364131232314,3628.6005657584756,0.025887546681730465,0.025887546681730544,2014,11,45,Friday,false,37.1846738881611,4043.3571428571427,0.012763225006026072,-0.07947780309855668,false
2014-11-08,160727.30278297895,156700.8249957323,4268,37.658693248120656,36.715282332645806,4026.4777872466366,0.025051610507539988,0.025051610507540126,2014,11,45,Saturday,true,37.25201392194606,3824.8571428571427,0.01091697557685633,0.11585866885784722,false
2014-11-09,74115.62877644549,71994.34639365315,1968,37.66038047583612,36.582493086205865,2121.282382792342,0.028621255972755125,0.028621255972755142,2014,11,45,Sunday,true,37.320635896067145,3540.5,0.00910339739963482,-0.44414630701878266,false
2014-11-10,76103.2915165355,73967.60569443136,2016,37.74964856971007,36.690280602396506,2135.685822104133,0.028062988860870722,0.02806298886087084,2014,11,46,Monday,false,37.38928900495235,3430.9285714285716,0.009638042721539427,-0.41240397226906506,false
2014-11-11,56303.366574580374,54996.86660759073,1497,37.61079931501695,36.73805384608599,1306.4999669896424,0.02320465092010139,0.02320465092010143,2014,11,46,Tuesday,false,37.459615920730315,3292.8571428571427,0.004035903480872788,-0.5453796095444685,false
2014-11-12,49436.81586452037,48289.892276094746,1314,37.62314753768674,36.75029853584075,1146.9235884256268,0.0231997868060258,0.02319978680602594,2014,11,46,Wednesday,false,37.51988989257557,3225.8571428571427,0.0027520775089375587,-0.5926664009565564,false
2014-11-13,55033.12240398037,53997.21887310759,1466,37.539646933138044,36.833027880700946,1035.9035308727834,0.018823273796252198,0.01882327379625224,2014,11,46,Thursday,false,37.58334939279017,3160.285714285714,-0.0011628143940919683,-0.5361178916915288,false
2014-11-14,149808.16594472638,146994.89550113154,3984,37.60245129134698,36.896309111729806,2813.27044359484,0.018779152830913314,0.0187791528309132,2014,11,46,Friday,false,37.641521858788415,3129.4285714285716,-0.0010379646069573784,0.27307586962476027,false
2014-11-15,180685.5107299103,176898.27782037074,4802,37.62713676174725,36.838458521526604,3787.232909539569,0.02096035755296807,0.020960357552967972,2014,11,46,Saturday,true,37.70370780119242,3089.9285714285716,-0.0020308623186059316,0.554081231651217,false
2014-11-16,75871.43676522048,73905.81015882002,2017,37.61598253109592,36.64145273119485,1965.6266064004594,0.025907333381374742,0.02590733338137473,2014,11,46,Sunday,true,37.76502735353069,2952.214285714286,-0.003946636157297342,-0.31678401200067746,false
2014-11-17,86313.33408317012,84418.78910931063,2297,37.57654944848503,36.751758428084734,1894.5449738594907,0.021949621040405393,0.021949621040405314,2014,11,47,Monday,false,37.82547376001535,2807.8571428571427,-0.006580864343157292,-0.1819384380564741,false
2014-11-18,62631.79875207037,61158.36109019277,1665,37.61669594718941,36.73174840251818,1473.4376618776005,0.023525392711619898,0.02352539271161998,2014,11,47,Tuesday,false,37.881093590532075,2573.285714285714,-0.00697967292604099,-0.35296730139343807,false
2014-11-19,48529.10336034025,47409.55405646717,1291,37.590320186165954,36.72312475326659,1119.5493038730783,0.023069647414669006,0.023069647414669044,2014,11,47,Wednesday,false,37.753825832490925,2512.285714285714,-0.004330836483974513,-0.48612532696463095,false
2014-11-20,51040.88136807025,50038.142634161086,1361,37.5024844732331,36.76571832047104,1002.7387339091656,0.019645795821551994,0.0196457958215521,2014,11,47,Thursday,false,37.62514063966,2472.5714285714284,-0.0032599523707191195,-0.44956089669516985,false
2014-11-21,53973.92224002,47192.49828410188,1281,42.13420939892272,36.84035775495853,6781.423955918122,0.1256426006203771,0.12564260062037716,2014,11,47,Friday,false,37.61665764046741,2404.8571428571427,0.12009444862521228,-0.46732802661280737,false
2014-11-22,47497.98253350988,41179.08824545916,1122,42.333317766051586,36.70150467509729,6318.894288050717,0.13303500382553574,0.13303500382553582,2014,11,47,Saturday,true,37.936296151263925,2230.5,0.11590540091882864,-0.4969737726967048,false
2014-11-23,31219.951528719885,26893.304677301025,737,42.360856891071755,36.49023701126326,4326.64685141886,0.13858595672189586,0.13858595672189586,2014,11,47,Sunday,true,38.270197902544716,2005.7857142857142,0.10688889038263995,-0.6325629429151384,false
2014-11-24,26870.323873470003,23516.0417180955,641,41.919382017893916,36.686492539930576,3354.2821553745016,0.12483221903723685,0.12483221903723683,2014,11,48,Monday,false,38.605946217918685,1917.857142857143,0.08582708428571872,-0.6657728119180634,false
2014-11-25,40530.64229268001,35674.1907631663,968,41.870498236239676,36.85350285451064,4856.45152951371,0.11982172634828449,0.1198217263482845,2014,11,48,Tuesday,false,38.903784321360384,1819.642857142857,0.07625772059533033,-0.4680274779195289,false
2014-11-26,30371.43133504988,26054.849168281442,709,42.83699765169236,36.74872943340119,4316.5821667684395,0.14212639895528817,0.14212639895528814,2014,11,48,Wednesday,false,39.20804853001915,1781.857142857143,0.09255622908380022,-0.6021005371602662,false
2014-11-27,37776.65876674988,32719.68963642164,880,42.928021325852136,37.181465495933686,5056.969130328242,0.13386491276404958,0.1338649127640494,2014,11,48,Thursday,false,39.580466395305265,1738.642857142857,0.08457593442971485,-0.49385809950289633,false
2014-11-28,46818.20532261,40652.57640885138,1096,42.71734062281934,37.091766796397245,6165.628913758621,0.13169297864523316,0.13169297864523313,2014,11,48,Friday,false,39.96535028049913,1696.7857142857142,0.06885940753690906,-0.35407282677331087,false
2014-11-29,88321.62554976073,79880.24368293647,2068,42.70871641671216,38.62681029155536,8441.38186682426,0.09557548125139922,0.09557548125139921,2014,11,48,Saturday,true,40.33069951846144,1490.5,0.058962947001754334,0.3874538745387454,false
2014-11-30,101037.8278297916,93177.88470439028,2375,42.54224329675436,39.23279355974328,7859.943125401318,0.07779208336349218,0.07779208336349212,2014,11,48,Sunday,true,40.693669493816074,1295.2142857142858,0.0454265694377647,0.8336734131142116,false
2014-12-01,105100.66764851147,97257.39466572937,2492,42.175227788327234,39.02784697661692,7843.272982782102,0.0746262907578512,0.07462629075785118,2014,12,49,Monday,false,41.04554526279167,1320.7857142857142,0.0275226585078317,0.8867557189984318,false
2014-12-02,88219.52548812989,85533.42892331851,2170,40.65415921111976,39.41632669277351,2686.096564811378,0.030447869107761157,0.030447869107761035,2014,12,49,Tuesday,false,41.37402228706612,1334.7142857142858,-0.017398914491603405,0.6258161190195868,false
2014-12-03,71590.36928922037,69654.93030590401,1784,40.12913076750021,39.04424344501346,1935.4389833163586,0.027034907104575935,0.02703490710457599,2014,12,49,Wednesday,false,41.59098394877543,1370.7857142857142,-0.03514831923850807,0.30144338492001466,false
2014-12-04,54996.62169262025,54503.02854750456,1368,40.202208839634686,39.84139513706474,493.59314511568664,0.008974972096911903,0.008974972096911973,2014,12,49,Thursday,false,41.77232756172788,1406.0,-0.037587532554248806,-0.02702702702702703,false
2014-12-05,77884.1816098255,77619.29488939041,1914,40.69183992153892,40.55344560574212,264.8867204350827,0.0034010336240300923,0.003401033624030044,2014,12,49,Friday,false,41.96516501647084,1406.5,-0.03034243030933286,0.36082474226804123,false
2014-12-06,150370.11672367636,154998.8345818768,3765,39.93894202488084,41.16834915853302,-4628.717858200456,-0.030782165759080285,-0.030782165759080323,2014,12,49,Saturday,true,41.86213862522914,1451.7142857142858,-0.045941193247811,1.593485534343633,false
2014-12-07,104675.37611534917,111903.73790247929,2712,38.59711508678067,41.26244022952776,-7228.361787130125,-0.06905503524692076,-0.06905503524692069,2014,12,49,Sunday,true,41.69111178657409,1640.5,-0.07421238166140225,0.6531545260591283,true
2014-12-08,90121.53047506476,91081.66819408616,2222,40.558744588237964,40.990849772316004,-960.1377190213971,-0.01065381062616388,-0.010653810626163966,2014,12,50,Monday,false,41.422273086267595,1781.5714285714287,-0.02084696067333662,0.24721353540213287,false
2014-12-09,75425.44369829049,77014.25596030557,1861,40.52952374975308,41.38326489000837,-1588.8122620150825,-0.0210646723984879,-0.021064672398488003,2014,12,50,Tuesday,false,41.32508469843502,1894.5,-0.01925128416523406,-0.017682765901293217,false
2014-12-10,161844.80943567367,169348.51858486477,4095,39.52254198673349,41.35494959337357,-7503.709149191098,-0.04636360705885658,-0.04636360705885664,2014,12,50,Wednesday,false,41.229300806543115,1958.2857142857142,-0.041396744218828906,1.0911146775605487,false
2014-12-11,158603.35696800365,171692.99360653348,4157,38.15332137791764,41.302139429043415,-13089.636638529832,-0.08253064051582787,-0.0825306405158279,2014,12,50,Thursday,false,40.99255397333177,2200.1428571428573,-0.06926215422589259,0.8894227647555352,true
2014-12-12,279092.09595645015,301236.10987981,7259,38.4477332905979,41.49829313676953,-22144.01392335986,-0.079343034948633,-0.07934303494863301,2014,12,50,Friday,false,40.651503977050744,2434.214285714286,-0.05421129529910998,1.982071070160509,true
2014-12-13,369350.9894808982,402564.67862758524,9654,38.2588553429561,41.699262339712575,-33213.689146687044,-0.08992446234777114,-0.08992446234777098,2014,12,50,Saturday,true,40.3465320247492,2874.4285714285716,-0.05174364628197746,2.358580587445952,true
2014-12-14,177500.10772560866,192327.32065612174,4632,38.32040322228166,41.52144228327326,-14827.21293051308,-0.08353354327781007,-0.08353354327781005,2014,12,50,Sunday,true,40.0286848051952,3416.285714285714,-0.04267643544191147,0.35585849293301,false
2014-12-15,282246.62867828755,304489.638251931,7341,38.4479810214259,41.477950994677975,-22243.009573643445,-0.07880699825469532,-0.07880699825469538,2014,12,51,Monday,false,39.72712479987573,3577.5,-0.03219824703885517,1.0519916142557653,false
2014-12-16,166037.92572951366,179571.12907994096,4308,38.54176548967355,41.68317759515807,-13533.203350427299,-0.08150669969506694,-0.08150669969506702,2014,12,51,Tuesday,false,39.460892887954195,3923.8571428571427,-0.02329210849056119,0.09789929733862458,false
2014-12-17,148910.99836015864,161137.52200304752,3865,38.52807202073962,41.69146752989587,-12226.523642888875,-0.08210624989107654,-0.08210624989107664,2014,12,51,Wednesday,false,39.31000762213661,4076.5714285714284,-0.019891514876142057,-0.05189935520044853,false
2014-12-18,202359.14289987122,221435.768649636,5288,38.267614012834954,41.87514535734418,-19076.62574976479,-0.09427113337401337,-0.09427113337401336,2014,12,51,Thursday,false,39.19564628308228,4225.214285714285,-0.023676922266947998,0.25153415718560357,false
2014-12-19,274343.6543452338,299516.83776498266,7141,38.41810031441448,41.943262535356766,-25173.18341974885,-0.09175784830827885,-0.09175784830827888,2014,12,51,Friday,false,39.05746093831088,4505.214285714285,-0.016369743668341274,0.5850522410540169,false
2014-12-20,316167.07465857273,346378.3047678482,8268,38.23984937815345,41.89384431154429,-30211.230109275493,-0.0955546371863688,-0.09555463718636874,2014,12,51,Saturday,true,38.89505096637341,4878.571428571428,-0.016845371633178015,0.6947584187408492,false
2014-12-21,173833.40012841366,190644.5015686917,4541,38.28086327425978,41.98293362005983,-16811.101440278027,-0.0967081206940633,-0.09670812069406337,2014,12,51,Sunday,true,38.773687205892884,5200.214285714285,-0.012710267378393777,-0.1267667541172753,false
2014-12-22,204565.08183541152,210188.9094104479,5014,40.798779783687976,41.92040474879296,-5623.827575036383,-0.027491630167660718,-0.027491630167660777,2014,12,52,Monday,false,38.75109779071283,5330.857142857143,0.05284190925465606,-0.05943831064422772,false
2014-12-23,316394.73085730925,326627.1384163756,7778,40.678160305645314,41.99371797587755,-10232.40755906637,-0.032340638326499443,-0.03234063832649936,2014,12,52,Tuesday,false,38.76824316181639,5530.285714285715,0.04926499082914429,0.4064372804298408,false
2014-12-24,486230.3201936276,495909.0895633959,11809,41.17455501682002,41.99416458323278,-9678.76936976827,-0.01990572979059383,-0.019905729790593813,2014,12,52,Wednesday,false,38.77886005866584,5952.928571428572,0.06177837498394487,0.9837294968862864,false
2014-12-25,137686.5321006064,140525.78674110342,3344,41.17420218319569,42.023261585258204,-2839.2546404970344,-0.020621150065878738,-0.02062115006587886,2014,12,52,Thursday,false,38.896860989386305,6503.928571428572,0.05854819992880138,-0.48584921201471637,false
2014-12-26,48102.962409030246,49028.365072183806,1169,41.14881301029106,41.94043205490488,-925.4026631535598,-0.019237955768392268,-0.01923795576839229,2014,12,52,Friday,false,39.1126381897633,6445.857142857143,0.05205925539077213,-0.8186432038297023,false
2014-12-27,110162.13198254806,112383.55924730633,2676,41.16671598749927,41.99684575758832,-2221.4272647582693,-0.020165071470386837,-0.02016507147038696,2014,12,52,Saturday,true,39.305572455455675,6010.857142857143,0.04735062780609036,-0.5548055898849701,false
2014-12-28,69051.33709342037,70482.71780296908,1677,41.17551406882551,42.02905056825825,-1431.3807095487136,-0.020729225092516047,-0.020729225092515978,2014,12,52,Sunday,true,39.51327678720877,5512.428571428572,0.04206781661182905,-0.6957783709539482,false
2014-12-29,133307.36896282758,136003.48252575178,3237,41.182381514620815,42.015286538693786,-2696.1135629242053,-0.020224790151518256,-0.020224790151518277,2014,12,1,Monday,false,39.717213276247605,5301.357142857143,0.03689000605813992,-0.38940163569975345,false
2014-12-30,216389.50426885503,235723.76475390818,5607,38.59274197768058,42.04097819759375,-19334.26048505315,-0.0893493450635717,-0.08934934506357167,2014,12,1,Tuesday,false,39.912527597190106,5008.214285714285,-0.03306695163055619,0.11956072167153971,false
2014-12-31,365055.31201272184,398013.34833037213,9464,38.573046493313804,42.055510178610746,-32958.03631765029,-0.09028230855192083,-0.09028230855192076,2014,12,1,Wednesday,false,39.9161687749049,5101.0,-0.0336485770757515,0.8553224857871006,false
2015-01-01,112161.41961675305,122170.43168462774,2905,38.60978300060346,42.05522605322814,-10009.01206787469,-0.08923756584104156,-0.08923756584104167,2015,1,1,Thursday,false,39.91938123723162,5500.928571428572,-0.03280607554624966,-0.4719073403191669,false
2015-01-02,271101.46167031274,295019.46942959033,7023,38.601945275567815,42.0076134742404,-23918.007759277592,-0.08822529990031684,-0.08822529990031676,2015,1,1,Friday,false,39.94382187921509,5330.714285714285,-0.03359409642134242,0.3174594667023986,false
2015-01-03,245813.28831212397,267734.7252553707,6371,38.583156225415784,42.02397194402303,-21921.43694324675,-0.08917921847826135,-0.08917921847826143,2015,1,1,Saturday,true,39.95695366215461,5322.285714285715,-0.03438193632964627,0.19704208718058827,false
2015-01-04,178394.81199754868,194427.4479735023,4624,38.58019290604427,42.04745847177818,-16032.635975953628,-0.08987164927292803,-0.08987164927292789,2015,1,1,Sunday,true,39.98147557981621,5186.785714285715,-0.035048298079307316,-0.10850375266818157,false
2015-01-05,220443.63148426503,239988.02746038733,5717,38.559319832825786,41.97796527206355,-19544.395976122294,-0.08865938128730812,-0.08865938128730814,2015,1,2,Monday,false,40.002856267800816,5192.714285714285,-0.03608583410422532,0.10096563866956458,false
2015-01-06,181534.18867267863,197328.9439108107,4705,38.5832494522165,41.940264380618636,-15794.755238132057,-0.08700705555035325,-0.08700705555035324,2015,1,2,Tuesday,false,39.84289484273923,5242.928571428572,-0.03161530796129587,-0.10260078200569477,false
2015-01-07,83176.48139340024,84728.83119663107,2020,41.176475937326856,41.94496593892627,-1552.349803230827,-0.018663326185784056,-0.018663326185784007,2015,1,2,Wednesday,false,39.6932583532086,5023.428571428572,0.03736698990342177,-0.597884199749744,false
2015-01-08,76894.77934870537,78468.09549968746,1868,41.16422877339688,42.00647510689907,-1573.316150982093,-0.02046063678585199,-0.020460636785851933,2015,1,2,Thursday,false,39.693395561816224,4324.214285714285,0.03705485990207269,-0.568014007499298,false
2015-01-09,123859.38795673757,126444.14251828095,3008,41.17665823029839,42.0359516350668,-2584.7545615433773,-0.02086845901778715,-0.020868459017787108,2015,1,2,Friday,false,39.692683175402024,4218.785714285715,0.03738661476571592,-0.28699862858303854,false
2015-01-10,120807.57415832733,123392.80406778071,2934,41.17504231708498,42.056170438916396,-2585.229909453381,-0.021399568093845214,-0.02139956809384517,2015,1,2,Saturday,true,39.69467211968826,4350.142857142857,0.037293926825571734,-0.32553939115299985,false
2015-01-11,69597.36734933038,71051.36350293276,1690,41.18187417120141,42.04222692481228,-1453.9961536023766,-0.020891539565057498,-0.020891539565057547,2015,1,2,Sunday,true,39.69526685751581,4368.571428571428,0.03745049300264686,-0.6131458469587966,false
2015-01-12,84738.29441126013,86467.53775028168,2058,41.175070170680335,42.015324465637356,-1729.2433390215592,-0.020406869775181306,-0.020406869775181174,2015,1,3,Monday,false,39.69572115054267,4369.5,0.037267216144716515,-0.5290078956402334,false
2015-01-13,64653.972138140365,65980.42208985981,1570,41.18087397333781,42.02574655405084,-1326.449951719449,-0.02051614012029055,-0.020516140120290682,2015,1,3,Tuesday,false,39.69519891168978,4285.285714285715,0.0374270718469814,-0.6336300296696337,false
2015-01-14,59553.38603102025,60703.3560287776,1446,41.18491426764886,41.980190891270816,-1149.9699977573473,-0.019309901155886405,-0.019309901155886496,2015,1,3,Wednesday,false,39.880065482808156,3996.9285714285716,0.03271932402927488,-0.6382222063370088,false
2015-01-15,79080.75695773037,80337.74831217455,1921,41.16645338767848,41.82079558155885,-1256.9913544441806,-0.015895034428110723,-0.01589503442811079,2015,1,3,Thursday,false,40.066627466689226,3424.214285714286,0.027449925050558148,-0.4389953899747596,false
2015-01-16,149444.05678745394,152030.9864805352,3629,41.18050614148634,41.89335532668372,-2586.9296930812707,-0.017310355116767998,-0.017310355116768088,2015,1,3,Friday,false,40.249246780051735,3353.9285714285716,0.023137311525942762,0.08201469492066868,false
2015-01-17,170624.07993589152,173547.02711004243,4144,41.17376446329429,41.87910885860097,-2922.947174150904,-0.01713091830443359,-0.0171309183044335,2015,1,3,Saturday,true,40.43342969904592,3111.5,0.018309967018846362,0.33183352080989875,false
2015-01-18,74744.28314926049,76003.92825421382,1815,41.18142322273305,41.87544256430514,-1259.6451049533352,-0.01685272842122104,-0.016852728421221076,2015,1,3,Sunday,true,40.61847314460865,2952.4285714285716,0.013859459367667618,-0.3852518507766004,false
2015-01-19,90144.16140148976,91110.9693479948,2189,41.18052142598893,41.62218791594098,-966.8079465050396,-0.010725131073093122,-0.01072513107309306,2015,1,4,Monday,false,40.80427531008643,2751.785714285714,0.00922075231193953,-0.2045165476963011,false
2015-01-20,97826.80880097904,99134.30698859354,2376,41.17289932701138,41.723193177017485,-1307.498187614503,-0.013365438407323552,-0.013365438407323611,2015,1,4,Tuesday,false,40.99150399531236,2499.785714285714,0.004425193369820389,-0.04951853015972795,false
2015-01-21,62795.97914592037,64144.08887524592,1525,41.17769124322647,42.06169762311208,-1348.1097293255516,-0.02146808995832233,-0.02146808995832244,2015,1,4,Wednesday,false,41.17647898636913,2333.4285714285716,2.944051767363008E-5,-0.3464552467246235,false
2015-01-22,66550.98982708037,67952.1505548415,1616,41.18254320982696,42.04959811561974,-1401.1607277611329,-0.021053942719736745,-0.021053942719736672,2015,1,4,Thursday,false,41.17656579393339,2298.0714285714284,1.4516547891540803E-4,-0.2968016659932241,false
2015-01-23,154670.89070075392,158031.79104317204,3757,41.1687225714011,42.06329279828907,-3360.9003424181137,-0.021729365669203658,-0.021729365669203624,2015,1,4,Friday,false,41.17787396796411,2280.0714285714284,-2.2224062782193315E-4,0.6477553961342064,false
2015-01-24,158722.10562536394,162082.41843851437,3855,41.173049448862244,42.04472592438765,-3360.3128131504345,-0.021171044826496135,-0.02117104482649614,2015,1,4,Saturday,true,41.177307135185735,2333.5714285714284,-1.0339885290490895E-4,0.6519742883379248,false
2015-01-25,78092.27692203049,79795.0431031607,1897,41.16619763944675,42.06380764531402,-1702.7661811302096,-0.02180454006777519,-0.021804540067775244,2015,1,4,Sunday,true,41.177164787455546,2399.3571428571427,-2.663405328026977E-4,-0.20937155785775946,false
2015-01-26,91830.40204377988,93808.08674687239,2230,41.17955248599994,42.06640661294726,-1977.6847030925128,-0.021536274034275243,-0.021536274034275358,2015,1,5,Monday,false,41.17604503518736,2414.1428571428573,8.518182864787522E-5,-0.0762767027634772,false
2015-01-27,76992.93568321048,78614.45775337583,1870,41.17269287872218,42.039816980414884,-1621.5220701653452,-0.02106066038106589,-0.021060660381066007,2015,1,5,Tuesday,false,41.176365200567325,2426.4285714285716,-8.918518735824729E-5,-0.22931998822490438,false
2015-01-28,59897.71587994037,61194.180255889565,1455,41.166815037759704,42.05785584597221,-1296.4643759491955,-0.02164463797831361,-0.02164463797831369,2015,1,5,Wednesday,false,41.17578083666621,2447.8571428571427,-2.1774447804824557E-4,-0.40560256784359494,false
2015-01-29,57310.19404232036,58531.41098518647,1392,41.1711164097129,42.04842743188683,-1221.2169428661073,-0.021308895620983363,-0.021308895620983356,2015,1,5,Thursday,false,41.17448803453127,2448.5,-8.188625965532823E-5,-0.4314886665305289,false
2015-01-30,134540.21446573758,137221.53747357725,3268,41.1689762747055,41.98945455127823,-2681.3230078396737,-0.019929528271433725,-0.019929528271433756,2015,1,5,Friday,false,41.174821107533724,2410.714285714286,-1.4195162652824438E-4,0.3556148148148148,false
2015-01-31,200193.61199916032,203814.73638908495,4862,41.17515672545461,41.919937554316114,-3621.124389924633,-0.018088111572410318,-0.018088111572410238,2015,1,5,Saturday,true,41.17399754562081,2384.9285714285716,2.815320111975057E-5,1.0386354787504866,false
2015-02-01,171469.93052966276,174652.45798996426,4165,41.16925102753007,41.93336326289658,-3182.5274603014986,-0.018560265642324675,-0.01856026564232462,2015,2,5,Sunday,true,41.174096992917974,2436.214285714286,-1.1769451528552611E-4,0.7096197261559211,false
2015-02-02,151737.21883246515,154148.59881302153,3685,41.17699289890506,41.831370098513304,-2411.379980556376,-0.015891816122047216,-0.015891816122047167,2015,2,6,Monday,false,41.173227550403475,2604.0714285714284,9.14513805598209E-5,0.4150917519269277,false
2015-02-03,102072.44340557892,103634.96422901604,2479,41.174846069212954,41.80514894272531,-1562.520823437124,-0.015307959438460176,-0.015307959438460245,2015,2,6,Tuesday,false,41.17297551275463,2710.9285714285716,4.543165595942891E-5,-0.08555318420151244,false
2015-02-04,82514.10512003038,83232.39136736213,2005,41.15416714215979,41.51241464706341,-718.2862473317509,-0.008705011661786614,-0.008705011661786608,2015,2,6,Wednesday,false,41.17311456576903,2718.285714285714,-4.6018922321202206E-4,-0.2624027748581038,false
2015-02-05,46211.33245807025,46407.29911726897,1122,41.18657081824443,41.361229159776265,-195.96665919872612,-0.0042406623824694095,-0.004240662382469334,2015,2,6,Thursday,false,41.171434272835704,2752.5714285714284,3.676467841371641E-4,-0.5923811500934191,false
2015-02-06,85730.41481046013,85765.70933606157,2082,41.17695235853032,41.193904580240904,-35.29452560143545,-4.1169199611908446E-4,-4.1169199611904565E-4,2015,2,6,Friday,false,41.17172195915123,2717.285714285714,1.2703863550530338E-4,-0.23379422743283737,false
2015-02-07,105918.29329060845,105662.55624090016,2573,41.1652908241774,41.065898266964695,255.7370497082884,0.0024144747971591805,0.0024144747971591362,2015,2,6,Saturday,true,41.172309801089035,2597.6428571428573,-1.7047809427132415E-4,-0.009486622487419988,false
2015-02-08,73041.66087122049,73046.23389967678,1774,41.173427774081446,41.1760055804266,-4.573028456288739,-6.260849495675393E-5,-6.260849495688253E-5,2015,2,6,Sunday,true,41.171755613611545,2506.0714285714284,4.061426200996544E-5,-0.2921191392332905,false
2015-02-09,97908.54709609867,97097.93659019307,2378,41.17264385874629,40.83176475617875,810.610505905599,0.008279261922965448,0.008279261922965592,2015,2,7,Monday,false,41.17227205179974,2497.285714285714,9.030518065306144E-6,-0.04776614610148158,false
2015-02-10,138667.41591113637,148522.8490204199,3677,37.71210658448093,40.392398428180556,-9855.433109283535,-0.07107245090367366,-0.07107245090367363,2015,2,7,Tuesday,false,41.17177857842448,2507.8571428571427,-0.08403018070627015,0.4661919681002564,true
2015-02-11,162162.10351832397,173661.82783508644,4299,37.72088939714445,40.395865976991495,-11499.72431676247,-0.07091499226552044,-0.07091499226552037,2015,2,7,Wednesday,false,40.924593843121535,2636.9285714285716,-0.07828310913134587,0.6303058211664002,true
2015-02-12,138520.12680392637,147756.34279381522,3674,37.7028107795118,40.2167508965202,-9236.21598988885,-0.06667779046262791,-0.06667779046262808,2015,2,7,Thursday,false,40.678456297363304,2840.0714285714284,-0.0731504041377396,0.29362943587937934,true
2015-02-13,358597.4285091585,382447.08041708503,9505,37.727241295019304,40.23641035424356,-23849.65190792654,-0.06650815095657449,-0.06650815095657452,2015,2,7,Friday,false,40.43072018092037,3003.0714285714284,-0.06686694854317386,2.1650928810979235,true
2015-02-14,424009.8825170612,451548.0275596244,11237,37.73337034057677,40.1840373373342,-27538.145042563207,-0.06494694151723017,-0.06494694151723035,2015,2,7,Saturday,true,40.184881968085634,3448.5714285714284,-0.061005818791649714,2.258450704225352,true
2015-02-15,203861.47237812544,217065.61516082732,5406,37.710224265284026,40.15272200533247,-13204.142782701878,-0.06477017274853498,-0.06477017274853507,2015,2,7,Sunday,true,39.93904008345151,3903.9285714285716,-0.05580544283263781,0.3847589424572317,true
2015-02-16,220506.20933281546,234723.22004532232,5846,37.71915999534989,40.151081088833784,-14217.01071250686,-0.06447442344378056,-0.06447442344378047,2015,2,8,Monday,false,39.691966743291076,3992.5714285714284,-0.0497029225258695,0.46421926434807503,false
2015-02-17,139935.93697634517,148697.5436959896,3713,37.68810583795992,40.0478167778049,-8761.60671964442,-0.06261155575158285,-0.0626115557515828,2015,2,8,Tuesday,false,39.44497867875141,4146.928571428572,-0.04453983497113419,-0.10463854487830927,false
2015-02-18,161064.75234488395,170739.36662316835,4270,37.72008251636626,39.98580014594106,-9674.614278284396,-0.060066613814848735,-0.06006661381484878,2015,2,8,Wednesday,false,39.19592580509049,4235.071428571428,-0.03765297689517914,0.008247457455600375,false
2015-02-19,144328.54518998516,152824.1148984046,3827,37.71323365298802,39.93313689532391,-8495.56970841944,-0.058862712828126953,-0.05886271282812699,2015,2,8,Thursday,false,38.95063404610523,4396.857142857143,-0.03176842748317049,-0.12960556241471186,false
2015-02-20,293071.7591964033,310240.3783953406,7770,37.71837312695023,39.92797662745696,-17168.61919893726,-0.058581622623801274,-0.05858162262380122,2015,2,8,Friday,false,38.702538534301205,4590.071428571428,-0.02542896266297177,0.692784114781905,false
2015-02-21,267782.1539619082,283430.3368337632,7102,37.70517515656268,39.90852391351214,-15648.182871855039,-0.05843624244683976,-0.05843624244683985,2015,2,8,Saturday,true,38.455497160616915,4996.357142857143,-0.0195114368414057,0.4214356173783756,false
2015-02-22,136052.68842362516,144020.1227597401,3608,37.708616525395,39.91688546555989,-7967.434336114937,-0.05856138844759068,-0.05856138844759063,2015,2,8,Sunday,true,38.20834604150157,5319.857142857143,-0.013079066954737258,-0.32178629930986336,false
2015-02-23,86703.31409037916,85730.96653928269,2150,40.327122832734496,39.8748681578059,972.3475510964781,0.011214652649642748,0.011214652649642798,2015,2,9,Monday,false,37.96085952373825,5450.857142857143,0.06233429218104344,-0.6055666212391236,false
2015-02-24,95474.35736909964,100867.5240607559,2530,37.73690014588919,39.86858658527901,-5393.1666916562535,-0.05648811723137878,-0.0564881172313788,2015,2,9,Tuesday,false,37.90046516473741,5434.571428571428,-0.004315646737771582,-0.5344619105199516,false
2015-02-25,198431.6275269815,209499.79410912097,5253,37.77491481572083,39.88193301144507,-11068.16658213947,-0.05577823817745228,-0.05577823817745219,2015,2,9,Wednesday,false,37.902236133409424,5352.642857142857,-0.0033592033261691493,-0.018615637135193513,false
2015-02-26,157291.73399894516,166305.03762747045,4171,37.71079693093866,39.87174241847769,-9013.30362852529,-0.057303097876622903,-0.05730309787662278,2015,2,9,Thursday,false,37.90609509187918,5420.785714285715,-0.005152157204986194,-0.230554347682861,false
2015-02-27,307540.675156237,324997.33647802816,8156,37.707292196694084,39.847638116482116,-17456.66132179118,-0.056762121995481855,-0.056762121995481904,2015,2,9,Friday,false,37.90666553126681,5456.285714285715,-0.005259585135713823,0.4947897575535423,false
2015-02-28,350898.7635102697,375030.63545205916,9296,37.74728523131128,40.34322670525594,-24131.87194178946,-0.0687716072304803,-0.06877160723048048,2015,2,9,Saturday,true,37.90524059567215,5359.928571428572,-0.004167111509612759,0.7343514705686376,false
2015-03-01,256701.5427333406,276569.2503923595,6803,37.733579705033165,40.65401299314413,-19867.707659018895,-0.07739613656960878,-0.07739613656960874,2015,3,9,Sunday,true,37.90623451643889,5221.285714285715,-0.004554786662622804,0.30293578483679434,false
2015-03-02,234705.59277910303,252709.82306975976,6221,37.727952544462795,40.62205804046934,-18004.230290656735,-0.07670984776064416,-0.07670984776064409,2015,3,10,Monday,false,37.90790276213527,5321.071428571428,-0.004747037017627429,0.16912544466071552,false
2015-03-03,249380.56544757923,268761.83235694445,6611,37.72206405197084,40.65373352850468,-19381.266909365222,-0.07771763158279966,-0.07771763158279968,2015,3,10,Tuesday,false,37.90853080135761,5347.857142857143,-0.004918859830360116,0.2361960731935354,false
2015-03-04,258211.4441676979,278825.6066785365,6843,37.73366128418791,40.746106485245726,-20614.16251083862,-0.07983442630625835,-0.0798344263062584,2015,3,10,Wednesday,false,37.91095638807268,5554.857142857143,-0.0046766191300978656,0.2318948667832527,false
2015-03-05,145975.83394282515,157578.005866528,3858,37.8371783159215,40.844480525279415,-11602.171923702845,-0.07948008660287638,-0.07948008660287638,2015,3,10,Thursday,false,37.91192630005993,5738.642857142857,-0.0019716218993154973,-0.32771561220298473,false
2015-03-06,269239.8525836682,291365.01755439857,7128,37.77214542419588,40.87612479719396,-22125.164970730373,-0.08217641169542247,-0.08217641169542232,2015,3,10,Friday,false,37.92077949026947,5740.857142857143,-0.003919594166352258,0.24162643706763545,false
2015-03-07,306920.21160129213,332242.411551486,8127,37.76549915113721,40.88131063756442,-25322.19995019387,-0.08250417858791566,-0.08250417858791574,2015,3,10,Saturday,true,37.92462036864417,5695.0,-0.004195723410286727,0.4270412642669008,false
2015-03-08,122106.79562238637,121394.81220117224,2966,41.16884545596304,40.92879710086724,711.9834212141286,0.005830825529284446,0.005830825529284425,2015,3,10,Sunday,true,37.928929225399486,5768.214285714285,0.08542071439216663,-0.48580273667265184,false
2015-03-09,117661.28079254708,116861.15827355147,2858,41.16909754812704,40.88913865414677,800.1225189956167,0.006800219355136394,0.006800219355136393,2015,3,11,Monday,false,38.17608843472577,5722.357142857143,0.07840009901796978,-0.5005554654051153,false
2015-03-10,62499.79917156037,62073.87265416521,1518,41.17246322237179,40.89187921881766,425.9265173951644,0.006814846176161412,0.006814846176161546,2015,3,11,Tuesday,false,38.23622948582524,5772.928571428572,0.07679192681995632,-0.7370485393647691,false
2015-03-11,57063.98412427037,56638.28137060811,1386,41.17170571736679,40.86456087345462,425.7027536622627,0.007460095193058969,0.007460095193059044,2015,3,11,Wednesday,false,38.48162684843114,5700.642857142857,0.06990553906494529,-0.756869525993309,false
2015-03-12,48008.48284166025,47681.67207887158,1166,41.17365595339644,40.89337228033583,326.81076278866385,0.00680735452246093,0.006807354522461056,2015,3,11,Thursday,false,38.72425476997728,5424.428571428572,0.06325237755945587,-0.785046482842169,false
2015-03-13,117446.8391133083,116681.14155165869,2853,41.1660845122006,40.8977012098348,765.6975616496202,0.006519524641364796,0.006519524641364813,2015,3,11,Friday,false,38.97160184300998,5209.785714285715,0.05630978880546648,-0.45237670866638335,false
2015-03-14,150591.54790083517,149573.8275926896,3657,41.17898493323357,40.90069116562472,1017.7203081455664,0.006758150256983461,0.0067581502569834685,2015,3,11,Saturday,true,39.218658436974735,4831.0,0.049984537319376326,-0.243013868764231,false
2015-03-15,67152.47495364037,66802.98321783988,1631,41.172578144476006,40.95829749714278,349.49173580048955,0.005204450558847845,0.005204450558847869,2015,3,11,Sunday,true,39.463779844254894,4428.214285714285,0.04330042147419585,-0.631679974191467,false
2015-03-16,80635.28924859049,80121.2905225416,1959,41.16145444032184,40.899076325952834,513.9987260488851,0.006374364510112672,0.00637436451011266,2015,3,12,Monday,false,39.70942258992939,4058.785714285714,0.03656643072822463,-0.5173433292856766,false
2015-03-17,50669.63709834037,50308.957054208026,1230,41.19482690921981,40.90159110098214,360.680044132343,0.007118267759295966,0.007118267759295914,2015,3,12,Tuesday,false,39.95467272534789,3754.3571428571427,0.031039027459863252,-0.67238066246837,false
2015-03-18,48648.99266494025,48362.06879194777,1182,41.15820022414572,40.91545583075108,286.9238729924764,0.005897837905269787,0.005897837905269662,2015,3,12,Wednesday,false,40.20272721515139,3370.0,0.02376637295974882,-0.6492581602373887,false
2015-03-19,43213.177617650246,42981.21684775456,1050,41.15540725490499,40.93449223595672,231.96076989568974,0.005367824878514518,0.0053678248785145105,2015,3,12,Thursday,false,40.44733713943408,2965.6428571428573,0.017505976055481248,-0.645945229894747,false
2015-03-20,96881.0180945894,96453.2872848832,2353,41.17340335511661,40.99162230551772,427.7308097061905,0.004415011507089833,0.004415011507089795,2015,3,12,Friday,false,40.68435349221862,2765.0714285714284,0.012020588283196621,-0.14902740823021876,false
2015-03-21,121360.88514123637,120829.28797107039,2947,41.181162246771756,41.0007763729455,531.5971701659873,0.004380300700240688,0.004380300700240534,2015,3,12,Saturday,true,40.92730048728439,2424.0,0.0062027486901129955,0.21575907590759075,false
2015-03-22,66954.36637197038,66756.37644364212,1626,41.1773470922327,41.05558206866059,197.98992832825752,0.0029570876263440163,0.002957087626343905,2015,3,12,Sunday,true,41.17127642268686,2054.0,1.4744914594139142E-4,-0.20837390457643623,false
2015-03-23,81342.15076393037,81132.01289723592,1976,41.165056054620635,41.05871098038255,210.13786669445108,0.002583382228290338,0.0025833822282904017,2015,3,13,Monday,false,41.17188368242041,1958.2857142857142,-1.6583229109548353E-4,0.009045812664137762,false
2015-03-24,125060.70791173638,136375.15271351667,3312,37.75987557721509,41.176072679201894,-11314.444801780293,-0.09047161966943004,-0.09047161966943003,2015,3,13,Tuesday,false,41.1715950043128,1895.2857142857142,-0.0828658551299828,0.7474937815632774,true
2015-03-25,253218.83124198424,276194.8294840427,6704,37.771305376190966,41.19851275119969,-22975.99824205847,-0.09073574081898297,-0.09073574081898293,2015,3,13,Wednesday,false,40.92783874394447,2023.4285714285713,-0.07712435996197167,2.3131883648686813,true
2015-03-26,229184.47188046668,250361.15020932571,6077,37.71342305092425,41.19814879205623,-21176.678328859038,-0.09240014454340491,-0.09240014454340498,2015,3,13,Thursday,false,40.68495300528905,2403.285714285714,-0.07303756634494588,1.5286215300481485,true
2015-03-27,354191.35095056973,386464.6513269861,9386,37.73613370451414,41.17458462891393,-32273.30037641636,-0.09111826217608673,-0.09111826217608689,2015,3,13,Friday,false,40.437793512255325,2754.0714285714284,-0.06681026765029614,2.4080452317348344,true
2015-03-28,459484.66663548636,501362.5724903483,12181,37.72142407318663,41.15939352190693,-41877.90585486195,-0.09114103014907372,-0.09114103014907365,2015,3,13,Saturday,true,40.192797025992014,3220.714285714286,-0.061487956441727255,2.7820802838766907,true
2015-03-29,224102.88847081424,244359.80746223294,5937,37.746823053867985,41.15880199801801,-20256.9189914187,-0.09039115528426951,-0.09039115528426961,2015,3,13,Sunday,true,39.94582839313152,3829.5714285714284,-0.0550496867312844,0.5503040250680793,true
2015-03-30,215203.5587823579,234819.44742668918,5706,37.7153099863929,41.15307525879586,-19615.88864433128,-0.0911503915424068,-0.09115039154240674,2015,3,14,Monday,false,39.701131600945224,4137.142857142857,-0.05001926984129193,0.37921270718232053,true
2015-03-31,355534.912042067,386988.9147484839,9421,37.73855344889788,41.0772651256219,-31454.00270641694,-0.08846951914161189,-0.08846951914161195,2015,3,14,Tuesday,false,39.454978425664585,4404.785714285715,-0.04350338145541113,1.1388100604861593,false
2015-04-01,498894.3439301564,542483.8358055089,13207,37.77499386160039,41.07547783792753,-43589.49187535251,-0.08737219093719552,-0.08737219093719546,2015,4,14,Wednesday,false,39.20810174992731,4989.857142857143,-0.03655132037422783,1.6467691602966015,false
2015-04-02,715032.189870243,777522.1927510158,18936,37.760466300709915,41.06052982419813,-62490.00288077281,-0.08739467084987164,-0.08739467084987163,2015,4,14,Thursday,false,38.96644415260264,5848.785714285715,-0.03094913785742948,2.237595105211094,false
2015-04-03,510289.2156051291,554159.8194134269,13503,37.79080319966889,41.03975556642427,-43870.603808297834,-0.08597203794768356,-0.08597203794768356,2015,4,14,Friday,false,38.72394837016014,7126.357142857143,-0.02409736635250516,0.8947969810261703,false
2015-04-04,400302.03949241096,434872.7289103458,10600,37.76434334834066,41.02572914248545,-34570.68941793486,-0.08636151207665846,-0.08636151207665832,2015,4,14,Saturday,true,38.482334073342436,7922.785714285715,-0.018657670910329327,0.3379132520127299,false
2015-04-05,135578.2034450376,147335.92505366588,3591,37.75499956698346,41.02921889547922,-11757.721608628286,-0.08672280137857691,-0.08672280137857684,2015,4,14,Sunday,true,38.23827558059737,8469.42857142857,-0.012638540997887755,-0.576004452990588,false
2015-04-06,182466.25520866032,198405.2291123257,4836,37.73082200344506,41.0267223143767,-15938.973903665377,-0.08735299513566644,-0.08735299513566651,2015,4,15,Monday,false,37.99382218593671,8609.785714285714,-0.006922182801313248,-0.43831354687772217,false
2015-04-07,176814.2025694703,178390.14906155376,4348,40.665639965379555,41.02809316043095,-1575.946492083458,-0.00891300850939431,-0.008913008509394329,2015,4,15,Tuesday,false,37.74851975370988,8814.07142857143,0.07727773779481738,-0.5066978937899626,false
2015-04-08,100917.67156519879,100579.1289483651,2451,41.174080605956256,41.03595632328238,338.5426168336853,0.0033546415764752037,0.0033546415764751122,2015,4,15,Wednesday,false,37.95607435286448,8888.07142857143,0.08478237826112053,-0.7242371396655228,false
2015-04-09,74690.6727294505,74427.58597218397,1814,41.174571515683844,41.0295402272238,263.0867572665302,0.003522350886026967,0.0035223508860268873,2015,4,15,Thursday,false,38.199129726419145,8584.285714285714,0.07789292087476107,-0.7886836412048593,false
2015-04-10,114067.07710172747,113653.97356322031,2770,41.17945021723013,41.03031536578351,413.1035385071591,0.0036215843256748354,0.0036215843256747738,2015,4,15,Friday,false,38.44635461675911,8279.785714285714,0.07108854994745441,-0.6654502790789961,false
2015-04-11,126507.80094116637,126043.76915933749,3072,41.18092478553593,41.02987277322184,464.03178182887495,0.003668009232447865,0.0036680092324479223,2015,4,15,Saturday,true,38.69230579623883,7807.214285714285,0.06431818776587395,-0.6065177811730909,false
2015-04-12,79648.6293946405,79349.40245134271,1934,41.183365767652795,41.02864656222477,299.2269432977919,0.0037568373187590173,0.003756837318759077,2015,4,15,Sunday,true,38.93941298997806,7156.571428571428,0.057626774657652584,-0.7297588629830725,false
2015-04-13,83137.43242759025,82700.35417030295,2019,41.17752968181785,40.96104713734668,437.0782572872995,0.005257298000728843,0.005257298000728745,2015,4,16,Monday,false,39.18488032667698,6870.642857142857,0.05085250582695485,-0.7061410348376633,false
2015-04-14,40776.02706167025,39940.199579223205,979,41.65069158495429,40.79693521881839,835.8274824470427,0.020498011765170875,0.020498011765170895,2015,4,16,Tuesday,false,39.432181733493046,6607.285714285715,0.056261402588761056,-0.8518302306977147,false
2015-04-15,58278.45792605037,56969.92259423945,1398,41.6870228369459,40.751017592445955,1308.5353318109192,0.02245315642138853,0.022453156421388606,2015,4,16,Wednesday,false,39.71162017178278,6004.285714285715,0.049743693574273884,-0.7671663097787295,false
2015-04-16,50000.101443420244,48827.88538117275,1198,41.73631172238752,40.75783420799061,1172.2160622474912,0.02344427367960368,0.02344427367960375,2015,4,16,Thursday,false,39.99105081287889,5160.785714285715,0.04364128658871297,-0.7678648046393822,false
2015-04-17,103911.9190821282,101408.94958672023,2485,41.81566160246607,40.80843041719124,2502.9694954079605,0.024087414778950475,0.024087414778950465,2015,4,16,Friday,false,40.27503977157016,3893.785714285714,0.03825252165196938,-0.36180360647918847,false
2015-04-18,132843.22261657636,129545.5321235172,3172,41.879956688706294,40.84033169089445,3297.6904930591554,0.024823927243749846,0.024823927243749898,2015,4,16,Saturday,true,40.562529657484234,3106.785714285714,0.032478916930147136,0.020990918496378914,false
2015-04-19,62786.61127718,61213.25590506657,1497,41.94162409965264,40.8906185070585,1573.3553721134303,0.02505877192778632,0.02505877192778638,2015,4,16,Sunday,true,40.856502038938935,2576.214285714286,0.026559348122350643,-0.41891479746028226,false
2015-04-20,57233.40664156013,55706.875425596525,1365,41.929235634842584,40.810897747689765,1526.5312159636014,0.02667203134567755,0.026672031345677492,2015,4,17,Monday,false,41.1555466484153,2426.6428571428573,0.018799142507734668,-0.437494480911312,false
2015-04-21,56874.34545501001,55172.17122554866,1353,42.035732043614196,40.77765796418969,1702.1742294613505,0.029928682534163698,0.029928682534163736,2015,4,17,Tuesday,false,41.455433336372266,2178.714285714286,0.01399813391246802,-0.3789915415382598,false
2015-04-22,132737.73701689864,140263.93010239187,3439,38.59777174088358,40.78625475498455,-7526.193085493229,-0.05669972424296401,-0.056699724242963996,2015,4,17,Wednesday,false,41.553297056246166,1964.7857142857142,-0.07112613257528069,0.7503181008470572,true
2015-04-23,60310.33894812001,58446.054929901366,1434,42.057419071213396,40.757360481102765,1864.284018218641,0.030911516180042203,0.030911516180042252,2015,4,17,Thursday,false,41.36927499445527,2035.357142857143,0.01663418265972416,-0.2954553430426391,false
2015-04-24,343587.0084787192,362390.59604190825,8892,38.64001444879883,40.75467791744357,-18803.587563189038,-0.054727294976735646,-0.054727294976735695,2015,4,17,Friday,false,41.43233553413595,2008.2142857142858,-0.06739473045241533,3.427814333985417,true
2015-04-25,496882.31502370274,535306.0098701882,13144,37.80297588433527,40.72626368458523,-38423.69484648545,-0.07732956815871486,-0.07732956815871488,2015,4,17,Saturday,true,41.25094726496228,2445.5,-0.08358526553293595,4.3747699856879985,true
2015-04-26,200369.82986166124,210964.7680869965,5179,38.68890323646674,40.73465303861682,-10594.938225335267,-0.052876913818064294,-0.0528769138180642,2015,4,17,Sunday,true,41.0096652005908,3164.9285714285716,-0.05659060986654009,0.6363718431921279,true
2015-04-27,194028.06181921624,204053.49893464716,5014,38.69726003574316,40.69674889003733,-10025.43711543092,-0.05167003690822837,-0.05167003690822847,2015,4,18,Monday,false,40.83148930550608,3396.714285714286,-0.05226919972951172,0.4761323968541027,true
2015-04-28,190560.57918183244,200804.03684509994,4936,38.606276171359895,40.68153096537681,-10243.457663267502,-0.05375433737264841,-0.05375433737264833,2015,4,18,Tuesday,false,40.65432718792932,3610.6428571428573,-0.05037719618632654,0.3670695760549169,true
2015-04-29,198985.39962261243,209483.87580877283,5150,38.63794167429368,40.67648073956754,-10498.476186160406,-0.0527600326761229,-0.052760032676122746,2015,4,18,Wednesday,false,40.43686894410114,3893.285714285714,-0.04448730371024161,0.32279015154294943,false
2015-04-30,385482.8720257082,406252.00759341643,9986,38.60233046522213,40.68215577743005,-20769.135567708232,-0.053878231887623584,-0.053878231887623626,2015,4,18,Thursday,false,40.219077432483125,4161.285714285715,-0.040198509525114584,1.3997390916269008,false
2015-05-01,499703.41471803014,526206.9371722165,12937,38.62591131777307,40.67457193879697,-26503.522454186343,-0.053038505788761924,-0.05303850578876178,2015,5,18,Friday,false,39.99522162839988,4789.0,-0.0342368476751856,1.7013990394654417,false
2015-05-02,461667.00388101256,496852.8019930757,12217,37.788901029795575,40.66896963191255,-35185.798112063145,-0.07621466948314057,-0.07621466948314051,2015,5,18,Saturday,true,39.76738232235039,5535.571428571428,-0.049751358450436795,1.206998890293943,false
2015-05-03,259541.60872151394,273280.04637040466,6721,38.61651669714536,40.66062287909607,-13738.437648890715,-0.05293346880511921,-0.05293346880511923,2015,5,18,Sunday,true,39.47516406099963,6181.642857142857,-0.021751584427298024,0.08725142414753365,false
2015-05-04,320309.2744015867,336742.60236538574,8283,38.67068385869693,40.654666469320986,-16433.327963799064,-0.05130456492245002,-0.05130456492244994,2015,5,19,Monday,false,39.237656389391965,6554.785714285715,-0.014449704260326709,0.2636568701167085,false
2015-05-05,239922.99815095018,251700.9664012018,6191,38.75351286560333,40.655946761622,-11777.968250251608,-0.04909061799420066,-0.0490906179942006,2015,5,19,Tuesday,false,39.00490269109584,7048.928571428572,-0.006445082749813005,-0.12171049298272282,false
2015-05-06,224994.19507015543,242259.8595396662,5959,37.75703894447985,40.65444865575872,-17265.664469510783,-0.07673826635450384,-0.07673826635450381,2015,5,19,Wednesday,false,38.770458464095064,7394.5,-0.026138961460920814,-0.194130772871729,false
2015-05-07,117197.97172990369,115769.08632788144,2848,41.150973219769554,40.64925783984601,1428.8854020222498,0.01219206596267111,0.012192065962671186,2015,5,19,Thursday,false,38.71040612149479,7574.5,0.06304679652842972,-0.6240015842629877,false
2015-05-08,330589.1998128597,355565.0417344777,8748,37.79026060960902,40.64529512282552,-24975.841921617975,-0.07554947934099579,-0.07554947934099575,2015,5,19,Friday,false,38.64565998924881,7675.5,-0.022134422853116318,0.13973031072894274,false
2015-05-09,389972.11975571,419827.1365222265,10329,37.75507016707426,40.645477444305016,-29855.01676651649,-0.07655679791985784,-0.07655679791985784,2015,5,19,Saturday,true,38.584963286449536,7665.214285714285,-0.021508200311459773,0.347516144362752,false
2015-05-10,166536.00026357028,179243.05183339986,4410,37.763265365888955,40.64468295541947,-12707.051569829579,-0.07630213016836362,-0.07630213016836355,2015,5,19,Sunday,true,38.581541449502325,7464.142857142857,-0.021209004432453146,-0.40917529522096113,false
2015-05-11,198442.9126538279,213676.42842593024,5257,37.74831893738404,40.64607731138106,-15233.515772102342,-0.07676522969946689,-0.07676522969946688,2015,5,20,Monday,false,38.51542445874677,7409.214285714285,-0.019916839347943933,-0.29047807267013076,false
2015-05-12,193182.15055271276,208039.17344555477,5118,37.74563316778288,40.64852939537999,-14857.022892842011,-0.07690680971474143,-0.07690680971474144,2015,5,20,Tuesday,false,38.447642951721114,7426.571428571428,-0.01825885099952042,-0.31085292194052244,false
2015-05-13,166403.12699582273,179221.57229363997,4410,37.73313537320244,40.639812311482984,-12818.445297817234,-0.07703247847102668,-0.07703247847102657,2015,5,20,Wednesday,false,38.38616845146562,7439.571428571428,-0.017012197481727342,-0.4072239184284809,false
2015-05-14,149178.60148103395,160620.2071408729,3952,37.747621832245436,40.642764964795774,-11441.60565983894,-0.07669736507949222,-0.07669736507949218,2015,5,20,Thursday,false,38.3215394299591,7386.714285714285,-0.014976371154468501,-0.46498539849536813,false
2015-05-15,380592.57758342725,409812.4326636886,10084,37.74222308443348,40.63986837204369,-29219.85508026136,-0.07677463198518701,-0.076774631985187,2015,5,20,Friday,false,38.26048881331792,6955.714285714285,-0.013545716350179928,0.44974327377284873,false
2015-05-16,413700.1789323412,445569.7191074052,10964,37.73259567058931,40.63933957564805,-31869.540175064,-0.07703535506634654,-0.07703535506634658,2015,5,20,Saturday,true,38.197368225222235,6751.928571428572,-0.012167659088251716,0.623832344197954,false
2015-05-17,177159.67306561908,190811.57794423788,4695,37.73368968383793,40.64144365159486,-13651.904878618807,-0.0770598897727826,-0.07705988977278252,2015,5,20,Sunday,true,38.19334641385035,6662.428571428572,-0.012034994918531945,-0.2953020134228188,false
2015-05-18,196420.7635368479,211510.78612034488,5205,37.73693823954811,40.636078025042245,-15090.02258349699,-0.07682498688926108,-0.076824986889261,2015,5,21,Monday,false,38.13028734147125,6517.714285714285,-0.010315922835843105,-0.20140715412940552,false
2015-05-19,137940.87216380518,147846.05216339655,3638,37.91667734024332,40.6393766254526,-9905.179999591375,-0.07180743346199048,-0.07180743346199038,2015,5,21,Tuesday,false,38.06359122581777,6297.857142857143,-0.003859695862717237,-0.4223432006351367,false
2015-05-20,166176.28381159273,178568.18048077746,4394,37.81890846872843,40.639094328806884,-12391.89666918473,-0.07457078943487754,-0.0745707894348775,2015,5,21,Wednesday,false,38.00381725972062,6115.5,-0.004865532052438579,-0.2814978333742131,false
2015-05-21,84604.37757263916,81763.26738933011,2012,42.04988944962185,40.63780685354379,2841.1101833090506,0.03358112505313033,0.03358112505313035,2015,5,21,Thursday,false,38.00823651145266,6003.714285714285,0.10633623943461203,-0.6648741255413315,false
2015-05-22,321821.02028676093,346487.5203341674,8526,37.74583864494029,40.63893036994692,-24666.500047406473,-0.07664664050044714,-0.07664664050044724,2015,5,21,Friday,false,38.072444813584966,5944.0,-0.008578544673026463,0.43438761776581425,false
2015-05-23,418715.41064993,450936.2792642945,11096,37.73570752072188,40.639534901252205,-32220.868614364474,-0.07695171420691502,-0.076951714206915,2015,5,21,Saturday,true,38.06927181610863,5928.142857142857,-0.008762035086933451,0.8717497650432562,false
2015-05-24,169541.26594736153,182419.1414416233,4489,37.76815904374283,40.636921684478345,-12877.875494261767,-0.07595717433335691,-0.07595717433335675,2015,5,21,Sunday,true,38.0678887699406,5982.928571428572,-0.00787355789571523,-0.24969854705650602,false
2015-05-25,256434.50993607426,276173.7924514967,6795,37.738706392358246,40.64367806497376,-19739.28251542244,-0.07697592075397022,-0.0769759207539702,2015,5,22,Monday,false,38.06823831835873,5988.571428571428,-0.00865634819359542,0.13466125954198477,false
2015-05-26,199385.9124148703,214719.75281922088,5283,37.74103963938488,40.64352693909159,-15333.840404350572,-0.07690533507926493,-0.0769053350792649,2015,5,22,Tuesday,false,38.06755170799975,6098.428571428572,-0.008577175414888907,-0.13371126051207574,false
2015-05-27,243554.22433855545,262251.0800794076,6453,37.74279007261048,40.64017977365684,-18696.85574085216,-0.07676670684579207,-0.076766706845792,2015,5,22,Wednesday,false,38.067223598828456,6110.214285714285,-0.008522647452228636,0.05610044071402693,false
2015-05-28,217746.01291984666,234483.4170098073,5770,37.73761055803235,40.63837383185569,-16737.404089960648,-0.07686663863793348,-0.0768666386379335,2015,5,22,Thursday,false,38.06791322021474,6256.142857142857,-0.008676668465425464,-0.07770648277121911,false
2015-05-29,472160.7521097488,508265.1469737418,12507,37.751719206024525,40.63845422353417,-36104.394863993046,-0.07646631936828363,-0.07646631936828377,2015,5,22,Friday,false,38.06719812919953,6386.0,-0.008287421682685345,0.9585029752583777,false
2015-05-30,546135.462415099,588250.1811507833,14475,37.72956562453189,40.63904532993322,-42114.71873568429,-0.07711405252727266,-0.07711405252727262,2015,5,22,Saturday,true,38.06787642359889,6559.071428571428,-0.008887041538710007,1.2068672612630273,false
2015-05-31,264637.3652797106,284828.65965624875,7009,37.75679344838217,40.6375602305962,-20191.294376538135,-0.07629797234111964,-0.07629797234111968,2015,5,22,Sunday,true,38.06765999173765,6809.857142857143,-0.008166158451109212,0.029243323753382663,false
2015-06-01,440905.99870597,474967.3276312148,11688,37.72296361276266,40.637177244286,-34061.3289252448,-0.07725304038777552,-0.07725304038777547,2015,6,23,Monday,false,38.069310260633664,6975.142857142857,-0.00909779151499754,0.6756646049236064,false
2015-06-02,334318.8978331521,360168.827077008,8863,37.72073765464877,40.6373493260756,-25849.929243855935,-0.07732117272280795,-0.07732117272280808,2015,6,23,Tuesday,false,38.06831207300613,7438.214285714285,-0.0091302818388899,0.19154943102703229,false
2015-06-03,269835.828626803,290492.1062803224,7148,37.749836125741886,40.63963434251853,-20656.277653519413,-0.07655127845193649,-0.07655127845193653,2015,6,23,Wednesday,false,38.05431638117795,7811.428571428572,-0.008001201555854529,-0.08493050475493784,false
2015-06-04,201146.4892798303,216428.50043796102,5326,37.76689622227381,40.6362186327377,-15282.011158130714,-0.07597453583627173,-0.07597453583627166,2015,6,23,Thursday,false,38.04938264239319,8008.142857142857,-0.007424205085646976,-0.3349269493551207,false
2015-06-05,293461.08393818577,315937.8621965937,7775,37.74419086021682,40.63509481628215,-22476.778258407954,-0.0765920235718288,-0.07659202357182875,2015,6,23,Friday,false,37.743454554725474,8244.857142857143,1.950816373409794E-5,-0.05698790588072221,false
2015-06-06,349413.00982046727,376094.7218058327,9255,37.753971887678794,40.63692293958214,-26681.71198536543,-0.07636152986711864,-0.07636152986711879,2015,6,23,Saturday,true,37.74333685581666,8191.214285714285,2.817724331784322E-4,0.12986911063247214,false
2015-06-07,179602.9151631903,193348.5914462289,4758,37.7475651877239,40.636526155155295,-13745.6762830386,-0.07653370364589596,-0.07653370364589582,2015,6,23,Sunday,true,37.74464145345643,8059.714285714285,7.746090981084998E-5,-0.4096564926087419,false
2015-06-08,109810.54567571807,106166.0816212578,2613,42.024701751135886,40.62995852325213,3644.464054460259,0.033188652620147606,0.03318865262014762,2015,6,24,Monday,false,37.743170463740796,8078.928571428572,0.11343857007212159,-0.6765660227222492,false
2015-06-09,76956.92035364964,74212.79057454942,1830,42.052961941885044,40.553437472431376,2744.1297791002144,0.035657998871183726,0.0356579988711837,2015,6,24,Tuesday,false,38.04931298936777,7780.214285714285,0.10522263447006323,-0.7647879694830293,false
2015-06-10,71199.58840203952,68669.39496391629,1694,42.03045360214848,40.536832918486596,2530.1934381232277,0.035536630125389185,0.03553663012538916,2015,6,24,Wednesday,false,38.357307439546354,7533.571428571428,0.0957613140179676,-0.775139850194368,false
2015-06-11,68988.34667032477,66539.16519576797,1642,42.01482744843165,40.52324311557124,2449.181474556797,0.03550137947588051,0.03550137947588051,2015,6,24,Thursday,false,38.66356912022764,7193.642857142857,0.08667741764302694,-0.7717429079246557,false
2015-06-12,155156.87922800638,149423.24358090668,3690,42.04793475013723,40.49410395146523,5733.635647099698,0.03695379589759599,0.03695379589759594,2015,6,24,Friday,false,38.969084612399016,6898.785714285715,0.07900750475310368,-0.46512326185767683,false
2015-06-13,185109.52314601393,178347.369376849,4404,42.032135137605344,40.496677878485244,6762.153769164928,0.03653055582575813,0.0365305558257581,2015,6,24,Saturday,true,39.275957151264215,6269.0,0.07017468665948,-0.2974956133354602,false
2015-06-14,83779.54401080892,80659.82181208202,1992,42.058004021490426,40.49187841971989,3119.7221987269004,0.037237278330428794,0.0372372783304289,2015,6,24,Sunday,true,39.583283545055174,5549.642857142857,0.06251933277890988,-0.6410579831391982,false
2015-06-15,149501.57453075759,143962.87189290192,3557,42.03024305053629,40.473115516700005,5538.702637855662,0.0370477879931369,0.03704778799313696,2015,6,25,Monday,false,39.890512871705766,5191.285714285715,0.053640076920350416,-0.3148132860012659,false
2015-06-16,100477.29679260367,96810.1035815691,2395,41.952942293362696,40.42175514888063,3667.193211034566,0.036497729617508134,0.03649772961750801,2015,6,25,Tuesday,false,40.1981756886896,4610.5,0.04365289157057009,-0.48053356468929614,false
2015-06-17,89072.70534707917,85639.30774599456,2120,42.01542705050905,40.395899880186114,3433.397601084609,0.03854601235817517,0.03854601235817525,2015,6,25,Wednesday,false,40.50047602002631,4148.5,0.03740575863191423,-0.4889719175605641,false
2015-06-18,78746.59585751953,75673.78198741567,1875,41.99818445734375,40.35935039328836,3072.813870103855,0.039021545460373466,0.03902154546037343,2015,6,25,Thursday,false,40.80516108608111,3789.3571428571427,0.029237070495712073,-0.5051931160581327,false
2015-06-19,141913.38242954636,136017.75039375728,3376,42.03595451112155,40.28961800762953,5895.63203578908,0.04154387651718468,0.04154387651718464,2015,6,25,Friday,false,41.10739596001467,3542.8571428571427,0.022588600650114015,-0.04709677419354834,false
2015-06-20,169304.27828351516,162287.909224824,4027,42.042284152847074,40.29995262598063,7016.369058691169,0.041442361231661444,0.041442361231661444,2015,6,25,Saturday,true,41.41395050650787,3228.6428571428573,0.015172028716276898,0.24727329041392881,false
2015-06-21,89512.24283606843,85781.80703122966,2128,42.0640238891299,40.31099954475078,3730.4358048387658,0.04167514617716191,0.04167514617716195,2015,6,25,Sunday,true,41.72025852544846,2855.214285714286,0.008239770697292115,-0.2546969204212844,false
2015-06-22,85984.07533913916,82427.23153690711,2046,42.02545226741895,40.28701443641599,3556.843802232048,0.04136630868219624,0.04136630868219637,2015,6,26,Monday,false,42.028577004120315,2667.3571428571427,-7.434790621295418E-5,-0.2329486115202313,false
2015-06-23,64956.46207589964,62169.77712485719,1546,42.01582281752887,40.2133099125855,2786.684951042451,0.04290081174350744,0.04290081174350743,2015,6,26,Tuesday,false,42.02863061242624,2626.8571428571427,-3.047397621749529E-4,-0.41146399825973456,false
2015-06-24,106613.43283547854,113428.47427466739,2822,37.77938796437935,40.194356582093334,-6815.041439188848,-0.06392291532067576,-0.06392291532067584,2015,6,26,Wednesday,false,42.02597781782937,2606.5714285714284,-0.10104678282222901,0.08264825167159931,false
2015-06-25,183843.81729524274,195365.7307199428,4865,37.789068303235915,40.15739583143737,-11521.913424700062,-0.06267229213477722,-0.06267229213477732,2015,6,26,Thursday,false,41.72233027227443,2687.1428571428573,-0.09427234632798702,0.8104731525784156,true
2015-06-26,319579.7940943557,339241.6918024566,8450,37.8200939756634,40.14694577543865,-19661.897708100907,-0.06152422046525177,-0.06152422046525177,2015,6,26,Friday,false,41.420490333331884,2917.3571428571427,-0.08692307427300484,1.896457165242514,true
2015-06-27,369245.7587066497,392017.9734509866,9770,37.79383405390478,40.12466463162606,-22772.214744336903,-0.06167224458880914,-0.061672244588809134,2015,6,26,Saturday,true,41.11850170658375,3257.3571428571427,-0.08085575871424892,1.9993640769247638,true
2015-06-28,185648.49109673031,197095.10874296943,4914,37.779505717690334,40.10889473808902,-11446.617646239116,-0.0616574774113029,-0.06165747741130305,2015,6,26,Sunday,true,40.815765914890854,3640.6428571428573,-0.07438939657611075,0.3497616198081186,true
2015-06-29,165557.76178385274,175871.1109205226,4385,37.755475891414534,40.10743692600287,-10313.349136669858,-0.06229456731925778,-0.06229456731925773,2015,6,27,Monday,false,40.51015889319085,3849.3571428571427,-0.06799980738262014,0.1391512497448554,true
2015-06-30,212465.0832049415,225678.9345253019,5627,37.75814522924143,40.106439403821206,-13213.851320360409,-0.06219304895202226,-0.06219304895202225,2015,6,27,Tuesday,false,40.204818381825014,3908.5,-0.06085522211162701,0.43968274274018165,true
2015-07-01,305231.90808635816,324248.8414913401,8086,37.74819541013581,40.10002986536484,-19016.933404981915,-0.06230322879481369,-0.06230322879481381,2015,7,27,Wednesday,false,39.90519002010206,4139.357142857143,-0.0540529843080481,0.9534434263429448,true
2015-07-02,250481.61765724423,266061.92835854064,6639,37.72881724013319,40.07560300625706,-15580.310701296403,-0.062201413608787434,-0.06220141360878738,2015,7,27,Thursday,false,39.60038776007541,4565.5,-0.04726141903663657,0.45416712298762457,false
2015-07-03,268410.4807020094,284592.9946612319,7104,37.78300685557565,40.06095082506079,-16182.513959222473,-0.06029017166877466,-0.060290171668774595,2015,7,27,Friday,false,39.29543295884607,4905.785714285715,-0.03848859751346621,0.448086079119407,false
2015-07-04,316365.4987383921,335025.0763601264,8364,37.82466508110857,40.055604538513435,-18659.577621734294,-0.058981076306187895,-0.058981076306187895,2015,7,27,Saturday,true,38.99165098344994,5172.071428571428,-0.029929122591826014,0.61714703973263,false
2015-07-05,156873.04365826395,165968.62450163957,4146,37.83720300488759,40.03102375823434,-9095.580843375617,-0.05798052126272026,-0.05798052126272029,2015,7,27,Sunday,true,38.69039247832576,5481.857142857143,-0.02205171410230912,-0.24368696739895243,false
2015-07-06,173987.75154080152,184188.97897635488,4601,37.815203551576076,40.03237969492608,-10201.22743555336,-0.05863187118181184,-0.058631871181811845,2015,7,28,Monday,false,38.388476700879885,5626.0,-0.014933469586998982,-0.18218983291859225,false
2015-07-07,135753.76604209637,143799.5986875294,3593,37.78284610133492,40.022153823414804,-8045.832645433024,-0.059267841180465394,-0.05926784118046544,2015,7,28,Tuesday,false,38.08774464974825,5808.5,-0.008005161534691954,-0.3814237755014203,false
2015-07-08,84426.50941202953,84588.96303542092,2114,39.93685402650403,40.01370058439968,-162.45362339139683,-0.0019242015869514273,-0.0019242015869514993,2015,7,28,Wednesday,false,37.78538917002011,5954.714285714285,0.0569390683473745,-0.6449871650313077,false
2015-07-09,70815.19028553025,71913.06858060515,1797,39.40745146662785,40.0184021038426,-1097.878295074901,-0.015503429287532844,-0.015503429287532894,2015,7,28,Thursday,false,37.93949388874331,5904.142857142857,0.038692070647787034,-0.6956374458612596,false
2015-07-10,125983.15175354636,127884.58724444837,3195,39.43134640173595,40.026474880891506,-1901.435490902004,-0.015092776013586908,-0.015092776013586865,2015,7,28,Friday,false,38.05509268612844,5685.0,0.03616477108487435,-0.43799472295514513,false
2015-07-11,142378.18404122637,143924.56511903758,3595,39.604501819534455,40.03464954632478,-1546.3810778112093,-0.010861081620225232,-0.010861081620225265,2015,7,28,Saturday,true,38.17018214513363,5309.642857142857,0.037576966988188416,-0.32292997914844956,false
2015-07-12,57427.68070701013,58723.04053175166,1467,39.14633995024548,40.029339149114975,-1295.3598247415357,-0.022556366699716165,-0.02255636669971631,2015,7,28,Sunday,true,38.299515556964316,4868.571428571428,0.022110577143505995,-0.6986795774647887,false
2015-07-13,63331.33100223037,64690.05906998081,1610,39.33623043616793,40.18016091303156,-1358.7280677504386,-0.021454279362967874,-0.021454279362967867,2015,7,29,Monday,false,38.3971465735754,4622.357142857143,0.024457126281326395,-0.6516928592400291,false
2015-07-14,51241.02855330037,52509.91621999616,1307,39.20507157865369,40.1759114154523,-1268.8876666957876,-0.0247631185891576,-0.02476311858915753,2015,7,29,Tuesday,false,38.51005761248636,4424.142857142857,0.0180475961153063,-0.7045755432852207,false
2015-07-15,80326.44080925026,81730.270702131,2050,39.183629663048904,39.86842473274683,-1403.829892880749,-0.017476560379594042,-0.017476560379594053,2015,7,29,Wednesday,false,38.61340949458722,4115.571428571428,0.014767413080723,-0.501891769933007,false
2015-07-16,71912.56572806025,73762.62917326878,1849,38.8926802206924,39.89325536683006,-1850.063445208536,-0.025726567067633387,-0.025726567067633436,2015,7,29,Thursday,false,38.715940512652445,3684.4285714285716,0.004565037183642599,-0.498158272265519,false
2015-07-17,119204.30953474637,122669.69942792531,3070,38.82876532076429,39.95755681691378,-3465.3898931789445,-0.029071011834256148,-0.02907101183425604,2015,7,29,Friday,false,38.799073582692394,3342.285714285714,7.652692533654103E-4,-0.08146691742178148,false
2015-07-18,129441.27865673638,132493.43152089373,3322,38.964864135080184,39.88363381122629,-3052.152864157353,-0.023579440004230158,-0.02357944000423023,2015,7,29,Saturday,true,38.87377061592015,3054.1428571428573,0.0023433157555014,0.08770288600963555,false
2015-07-19,77645.74993512024,79555.63473624234,1982,39.17545405404654,40.13906898902237,-1909.884801122098,-0.024597415862657936,-0.024597415862657894,2015,7,29,Sunday,true,38.95521340548955,2694.0,0.005653688667149027,-0.2642910170749814,false
2015-07-20,69926.65036245,71362.51783813686,1787,39.130750062926694,39.934257324083305,-1435.8674756868568,-0.020533909006714056,-0.02053390900671415,2015,7,30,Monday,false,39.05080276614376,2539.4285714285716,0.0020472638491377125,-0.29629837983798385,false
2015-07-21,71973.04430034013,73851.78839873473,1846,38.98864805002174,40.006385914807545,-1878.7440983945999,-0.02610344076255395,-0.02610344076255397,2015,7,30,Tuesday,false,39.14477037409738,2338.4285714285716,-0.0039883315851291165,-0.21058097623556726,false
2015-07-22,44304.898362210246,45468.83697600943,1142,38.79588297916834,39.81509367426395,-1163.9386137991823,-0.0262711044788664,-0.02627110447886647,2015,7,30,Wednesday,false,39.23089908471787,2213.6428571428573,-0.011088609124407928,-0.48410828950340423,false
2015-07-23,66799.7237304905,69323.64787191155,1734,38.52348542704181,39.97903568160989,-2523.9241414210555,-0.03778345179396332,-0.03778345179396327,2015,7,30,Thursday,false,39.14940115276532,2144.214285714286,-0.01598787484082109,-0.1913121689596589,false
2015-07-24,125689.59284090636,130428.22639511683,3259,38.56692017210996,40.02093476376705,-4738.633554210464,-0.037701081267790135,-0.03770108126779013,2015,7,30,Friday,false,39.08626072136632,2139.714285714286,-0.013287035896285358,0.5231005474696221,false
2015-07-25,138624.94500363516,143537.39521883638,3572,38.808775196986325,40.18404121467984,-4912.450215201214,-0.03543698585469155,-0.03543698585469164,2015,7,30,Saturday,true,39.02451599067874,2144.285714285714,-0.005528340024612984,0.6658227848101266,false
2015-07-26,81715.04533178038,85089.22343005694,2109,38.74587260871521,40.34576739215597,-3374.178098276563,-0.04129200546333525,-0.04129200546333525,2015,7,30,Sunday,true,38.96767837478246,2142.6428571428573,-0.005692044671842394,-0.01570157015701579,false
2015-07-27,86842.86135788013,90242.79409715362,2242,38.73455011502236,40.25102323691062,-3399.932739273485,-0.03915039976932974,-0.03915039976932969,2015,7,31,Monday,false,38.93907356467315,2188.5,-0.005252396395900484,0.024445967557687916,false
2015-07-28,56976.785283900375,59094.076857821434,1474,38.654535470760095,40.09096123325742,-2117.2915739210584,-0.037160600819634695,-0.03716060081963459,2015,7,31,Tuesday,false,38.896096398877035,2233.6428571428573,-0.006210415709580399,-0.3400914585398613,false
2015-07-29,53433.66802753037,55516.52556207961,1381,38.692011605742486,40.200235743721656,-2082.8575345492354,-0.03898024619002564,-0.038980246190025596,2015,7,31,Wednesday,false,38.85677239117035,2245.5714285714284,-0.004240207698396114,-0.38501176919651375,false
2015-07-30,55134.081818380364,57064.75069601244,1423,38.74496262711199,40.10172220380354,-1930.6688776320734,-0.035017702552696456,-0.035017702552696546,2015,7,31,Thursday,false,38.82165681564846,2197.785714285714,-0.0019755516592366877,-0.3525301439760798,false
2015-07-31,145033.61079266516,149876.87328204015,3740,38.77904031889443,40.074030289315544,-4843.262489374989,-0.03339406957397443,-0.033394069573974255,2015,7,31,Friday,false,38.81110555896415,2167.3571428571427,-8.261872370784301E-4,0.7256039284184163,false
2015-08-01,173306.90648994275,178699.97587509945,4453,38.91913462608191,40.13024385248135,-5393.069385156705,-0.03111860625975499,-0.031118606259754905,2015,8,31,Saturday,true,38.8075537731163,2215.214285714286,0.0028752354146813898,1.0101892754651274,false
2015-08-02,88154.33871239,90828.66169982335,2258,39.04089402674491,40.22527090337615,-2674.3229874333483,-0.030336827732989107,-0.030336827732989034,2015,8,31,Sunday,true,38.80428737961642,2296.0,0.006097435698633062,-0.016550522648083623,false
2015-08-03,81142.02784779038,83114.57680933841,2074,39.123446406842035,40.07453076631553,-1972.5489615480328,-0.02430983072358289,-0.02430983072358291,2015,8,32,Monday,false,38.794675949094874,2315.714285714286,0.008474628275760404,-0.10438001233806295,false
2015-08-04,77672.8827777405,80417.7464421733,2007,38.70098793111136,40.068633005567165,-2744.863664432807,-0.035338763880918174,-0.035338763880918174,2015,8,32,Tuesday,false,38.794154259374544,2336.214285714286,-0.0024015558540156573,-0.14091784633258939,false
2015-08-05,75483.42255430049,78024.28467503063,1948,38.749190222946865,40.05353422742846,-2540.8621207301476,-0.033661193872102556,-0.03366119387210248,2015,8,32,Wednesday,false,38.7736071080238,2347.714285714286,-6.297295221698776E-4,-0.17025678471461606,false
2015-08-06,74354.5701020405,76978.30523840741,1922,38.686040635817115,40.05114736649709,-2623.735136366915,-0.03528680392834269,-0.03528680392834268,2015,8,32,Thursday,false,38.770271911150836,2405.285714285714,-0.0021725737577170585,-0.2009265308546653,false
2015-08-07,120326.87629269795,123707.76157316696,3088,38.965957348671616,40.06080361825355,-3380.8852804690105,-0.028097507262175806,-0.02809750726217587,2015,8,32,Friday,false,38.78188299749194,2418.714285714286,0.004746400560065089,0.2767113578642726,false
2015-08-08,131867.99350401637,135721.42603033097,3388,38.92207600472738,40.0594527834507,-3853.432526314602,-0.029221893985952218,-0.029221893985952315,2015,8,32,Saturday,true,38.810385652960626,2406.5,0.0028778469960458524,0.40785372948265114,false
2015-08-09,75504.00274262049,77978.69447147881,1944,38.83950758365251,40.1124971561105,-2474.691728858321,-0.03277563624400282,-0.03277563624400292,2015,8,32,Sunday,true,38.81847856779927,2393.3571428571427,5.417269462664738E-4,-0.18775181305398866,false
2015-08-10,69968.07769908049,72665.7255271172,1812,38.61372941450358,40.102497531521635,-2697.6478280367155,-0.038555408648480956,-0.03855540864848094,2015,8,33,Monday,false,38.82516678029479,2381.5714285714284,-0.00544588428911849,-0.23915781896706853,false
2015-08-11,60187.14904728037,62538.49327792498,1563,38.50745300529774,40.01183191166025,-2351.3442306446086,-0.03906721397947419,-0.03906721397947414,2015,8,33,Tuesday,false,38.81653673025774,2350.8571428571427,-0.007962681655704342,-0.335136120563928,false
2015-08-12,44698.700751095246,46849.567146474845,1171,38.171392614086464,40.0081700653073,-2150.8663953795985,-0.04811921508315644,-0.048119215083156364,2015,8,33,Wednesday,false,38.80603083986757,2357.214285714286,-0.01635411331810581,-0.503227174934093,false
2015-08-13,39463.40905993025,41414.418370139814,1035,38.128897642444684,40.01393079240562,-1951.0093102095634,-0.049438438206053245,-0.049438438206053294,2015,8,33,Thursday,false,38.768843769034994,2342.214285714286,-0.01650671168845743,-0.5581104571376292,false
2015-08-14,85794.09690262025,89898.89422749996,2247,38.181618559243546,40.00840864597239,-4104.797324879706,-0.04784475241389645,-0.04784475241389647,2015,8,33,Friday,false,38.72483912727305,2314.5,-0.01402770367216131,-0.02916396629941672,false
2015-08-15,117288.01005380173,122504.35720229718,3068,38.229468726793264,39.929712256289825,-5216.34714849545,-0.04447468369616498,-0.04447468369616497,2015,8,33,Saturday,true,38.68216614444084,2207.8571428571427,-0.011703000704696482,0.38958265933354913,false
2015-08-16,71056.06100378049,74589.17286625026,1866,38.07934673300133,39.97276145029489,-3533.11186246977,-0.049722878140990585,-0.04972287814099076,2015,8,33,Sunday,true,38.63290429449165,2108.9285714285716,-0.014328655108884722,-0.11519051651143104,false
2015-08-17,64394.07445333037,67505.25413928372,1690,38.103002635106726,39.94393736052291,-3111.1796859533424,-0.048314689082272176,-0.04831468908227228,2015,8,34,Monday,false,38.564222344938536,2080.9285714285716,-0.011959782456039677,-0.1878625613565373,false
2015-08-18,35165.972082725246,36841.967322813805,922,38.14096755176274,39.958749807824084,-1675.9952400885595,-0.04765957375345432,-0.04765957375345426,2015,8,34,Tuesday,false,38.4913335041003,2053.5,-0.009102463345423764,-0.5510104699293888,false
2015-08-19,23234.183195130125,24104.085977912528,604,38.467190720414116,39.907427115749215,-869.9027827824029,-0.037440644049184145,-0.03744064404918399,2015,8,34,Wednesday,false,38.45133204843254,1976.0,4.124349180309435E-4,-0.694331983805668,false
2015-08-20,24754.957181800124,25407.174070346187,643,38.4991558037327,39.5134900005384,-652.2168885460633,-0.02634692048773059,-0.026346920487730633,2015,8,34,Thursday,false,38.43118922682306,1880.0,0.0017685265087296067,-0.6579787234042553,false
2015-08-21,76691.2830290555,78691.9563155523,2006,38.23094866852218,39.22829327794233,-2000.6732864968071,-0.02608736231129196,-0.026087362311292047,2015,8,34,Friday,false,38.4178403102456,1788.642857142857,-0.00486470973417989,0.12152070604209099,false
2015-08-22,102231.21179235782,104713.00749977645,2677,38.18872312004401,39.11580407163857,-2481.795707418627,-0.024276301375155476,-0.02427630137515562,2015,8,34,Saturday,true,38.365339690234926,1711.357142857143,-0.0046035450648145805,0.5642556033223423,false
2015-08-23,56974.86802579037,57548.98515340962,1467,38.837674182542855,39.22902873443056,-574.1171276192545,-0.01007667323352769,-0.010076673233527756,2015,8,34,Sunday,true,38.31295734132897,1660.5714285714287,0.013695545257423,-0.11656916724019276,false
2015-08-24,59442.73111516537,59785.42861456379,1528,38.90231093924435,39.12658940743704,-342.6974993984186,-0.005765170828616043,-0.005765170828616147,2015,8,35,Monday,false,38.312826384106856,1626.5,0.015386088962155738,-0.06055948355364279,false
2015-08-25,217683.36226402503,246975.73076564312,6360,34.226943752205194,38.832662070069674,-29292.368501618097,-0.13456411274137617,-0.13456411274137614,2015,8,35,Tuesday,false,38.33343935015977,1606.2142857142858,-0.1071256758477494,2.9596211144216653,true
2015-08-26,275458.8068961961,307092.27437902824,8035,34.28236551290555,38.21932475159032,-31633.467482832144,-0.11483919443081339,-0.11483919443081338,2015,8,35,Wednesday,false,38.02768868922458,1948.857142857143,-0.09848937196596692,3.1229291892684357,true
2015-08-27,228731.86548652744,252845.44555357666,6675,34.26694614030374,37.87946749866317,-24113.580067049217,-0.10542291523639732,-0.10542291523639723,2015,8,35,Thursday,false,37.749901039140234,2439.1428571428573,-0.09226394779751247,1.7366170785990394,true
2015-08-28,387639.119999522,426783.3022181441,11330,34.21351456306461,37.668429145467265,-39144.182218622125,-0.10098099030528807,-0.10098099030528804,2015,8,35,Friday,false,37.474047360415874,2842.0,-0.08700775675475592,2.9866291344123854,true
2015-08-29,461188.0048517348,504578.1887572265,13484,34.202610861149125,37.42051236704439,-43390.18390549172,-0.09408350488092385,-0.09408350488092385,2015,8,35,Saturday,true,37.19061136068881,3490.785714285714,-0.08034287123061551,2.8627406846596144,true
2015-08-30,202249.677169425,220152.18675395823,5913,34.20424102307204,37.23189358260751,-17902.509584533225,-0.08851687594802068,-0.08851687594802068,2015,8,35,Sunday,true,36.902978655999945,4234.785714285715,-0.07313061793967468,0.3962926105216994,true
2015-08-31,332559.76497908594,361970.285938652,9721,34.21044799702561,37.2359104967238,-29410.520959566056,-0.08843679860495339,-0.08843679860495342,2015,8,36,Monday,false,36.626185391004995,4523.857142857143,-0.06595656545146697,1.1488300123156596,true
2015-09-01,384806.7715819784,418101.5975483603,11257,34.1837764574912,37.1414761968873,-33294.825966381875,-0.08652349289359845,-0.08652349289359845,2015,9,36,Tuesday,false,36.3481457739992,5097.5,-0.05954552207326714,1.2083374203040707,true
2015-09-02,345776.25028037594,373816.1684006343,10102,34.22849438530746,37.00417426258506,-28039.91812025837,-0.0810926664209064,-0.08109266642090636,2015,9,36,Wednesday,false,36.06548926726552,5835.714285714285,-0.050934977433548724,0.7310648714810283,true
2015-09-03,271551.0951007561,293343.8739735622,7938,34.20900668943765,36.95438069709778,-21792.778872806113,-0.08025295889423734,-0.0802529588942374,2015,9,36,Thursday,false,35.76272524332933,6514.142857142857,-0.04344519449567077,0.21857935481041255,false
2015-09-04,340440.20546208567,366359.65859248454,9936,34.263305702705885,36.87194631566874,-25919.453130398877,-0.07613511187733521,-0.07613511187733525,2015,9,36,Friday,false,35.45628602087969,7035.214285714285,-0.033646511015600275,0.4123237184368433,false
2015-09-05,364416.7315821381,392128.30126516864,10643,34.24003867162812,36.84377537021222,-27711.56968303054,-0.07604362610552765,-0.07604362610552777,2015,9,36,Saturday,true,35.17288295189281,7601.642857142857,-0.02652168949416438,0.4000920853574886,false
2015-09-06,164719.60449161517,176647.84265184918,4800,34.3165842690865,36.80163388580191,-11928.238160234003,-0.07241541282866056,-0.07241541282866049,2015,9,36,Sunday,true,34.89083406272024,8170.642857142857,-0.016458471373927627,-0.41253092517637185,false
2015-09-07,178921.09934873637,192507.5287324894,5228,34.223622675733814,36.8224041186858,-13586.429383753013,-0.07593531133671165,-0.07593531133671155,2015,9,37,Monday,false,34.56789906890193,8408.714285714286,-0.009959424854888984,-0.37826404580282363,false
2015-09-08,70286.9978107705,66639.6980528115,1810,38.83259547556381,36.817512736359944,3647.299757959001,0.05189152861213975,0.0518915286121396,2015,9,37,Tuesday,false,34.23370705007975,8673.0,0.13433802009103019,-0.7913063530496944,false
2015-09-09,76013.67790171049,72211.10317465069,1961,38.762711831570876,36.82361202174946,3802.574727059793,0.050024874891288824,0.050024874891288824,2015,9,37,Wednesday,false,34.56268217317679,8348.0,0.12151920494334846,-0.765093435553426,false
2015-09-10,48406.787146740244,45316.54273361083,1232,39.291223333393056,36.78290806299581,3090.2444131294105,0.06383907289202337,0.06383907289202334,2015,9,37,Thursday,false,34.882706910224314,7914.142857142857,0.12638114451710114,-0.8443293200238271,false
2015-09-11,85940.02694079,81559.84562327196,2194,39.17047718358706,37.174040849257956,4380.181317518043,0.05096788392370241,0.05096788392370254,2015,9,37,Friday,false,35.24158385258784,7525.357142857143,0.11148458444527938,-0.7084523753025486,false
2015-09-12,57381.75145418537,54340.891509322864,1469,39.06177770877152,36.99175732424974,3040.8599448625027,0.0529935017283392,0.05299350172833914,2015,9,37,Saturday,true,35.59565261119658,6872.785714285715,0.09737495574065354,-0.7862584312869599,false
2015-09-13,32479.796394255125,30763.688117313315,829,39.1794890159893,37.1093945926578,1716.10827694181,0.05283617717644767,0.0528361771764477,2015,9,37,Sunday,true,35.942735957455334,6014.571428571428,0.0900530516754551,-0.8621680680252719,false
2015-09-14,52160.18393341537,49656.007748568794,1329,39.24769295215604,37.36343698161685,2504.176184846576,0.04800934344946445,0.048009343449464496,2015,9,38,Monday,false,36.298110814092276,5651.428571428572,0.08125993534954506,-0.7648382204246714,false
2015-09-15,51002.83956949524,48601.967504707296,1300,39.23295351499634,37.38612884977484,2400.8720647879454,0.047073301899526104,0.047073301899526125,2015,9,38,Tuesday,false,36.657914025173014,5052.0,0.07024511782244466,-0.7426761678543151,false
2015-09-16,30194.71595621512,28605.460797613814,773,39.06172827453444,37.00577076017311,1589.255158601307,0.052633552205156045,0.05263355220515613,2015,9,38,Wednesday,false,37.01856952928053,4340.785714285715,0.05519280650857754,-0.8219216402560432,false
2015-09-17,29751.222605555122,28084.23512836408,760,39.14634553362516,36.95294095837379,1666.9874771910436,0.05603088986601126,0.05603088986601121,2015,9,38,Thursday,false,37.36380052136817,3674.4285714285716,0.04770780775466244,-0.7931651179969674,false
2015-09-18,68504.63943753537,64881.97564825693,1755,39.03398258549024,36.96978669416349,3622.663789278442,0.05288202111598146,0.052882021115981635,2015,9,38,Friday,false,37.71646758166728,3161.714285714286,0.03493208903962581,-0.4449213808060727,false
2015-09-19,68996.56175729049,65211.57177094122,1766,39.06940076856766,36.92614483065754,3784.9899863492683,0.05485766087393955,0.05485766087393958,2015,9,38,Saturday,true,38.05723021615188,2577.3571428571427,0.026596012023655,-0.3148019843139428,false
2015-09-20,41855.928759400245,39629.45187227755,1078,38.827392170130096,36.76201472381962,2226.476887122699,0.053193823506369184,0.05319382350636911,2015,9,38,Sunday,true,38.40218465164755,1943.2857142857142,0.01107248252513941,-0.4452694258619422,false
2015-09-21,44303.466485900244,41485.458718801405,1124,39.41589545008919,36.908771102136484,2818.0077670988394,0.06360693622011906,0.06360693622011906,2015,9,39,Monday,false,38.72438521600782,1677.4285714285713,0.017857229500844733,-0.32992675864418325,false
2015-09-22,46599.298130810246,43806.73201043591,1182,39.42411009374809,37.061533003752885,2792.5661203743366,0.05992721419398299,0.05992721419398292,2015,9,39,Tuesday,false,39.09526184274749,1384.2857142857142,0.008411460506987364,-0.14613003095975227,false
2015-09-23,125182.75716534758,138583.8378162164,3725,33.606109306133575,37.20371484999098,-13401.080650868826,-0.10705212885803446,-0.10705212885803453,2015,9,39,Wednesday,false,39.13751288690351,1339.4285714285713,-0.14133252659038772,1.7810366894197953,true
2015-09-24,150036.8050416176,167704.85540677374,4492,33.400891594304895,37.33411741023458,-17668.050365156145,-0.11775810848714977,-0.11775810848714989,2015,9,39,Thursday,false,38.769184135086554,1465.4285714285713,-0.13846802971340563,2.06531487619419,true
2015-09-25,368037.6919446588,413540.807164328,11030,33.366971164520294,37.492366923329826,-45503.115219669184,-0.12363710624104068,-0.12363710624104055,2015,9,39,Friday,false,38.34844615372312,1698.2857142857142,-0.12990030858705834,5.49478465679677,true
2015-09-26,351319.63806908,397626.5850584556,10528,33.37002641233663,37.76848262333355,-46306.946989375574,-0.13180859243703943,-0.1318085924370394,2015,9,39,Saturday,true,37.93391000950406,2329.4285714285716,-0.12031144683013129,3.5195633509137734,true
2015-09-27,163289.93666880394,185404.04401051014,4895,33.358516173402236,37.876209195201255,-22114.1073417062,-0.1354284764440786,-0.13542847644407857,2015,9,39,Sunday,true,37.527356345472995,2976.5,-0.11108803225286758,0.6445489669074417,true
2015-09-28,190892.45898757636,216571.05952146213,5720,33.372807515310555,37.86207334291296,-25678.600533885765,-0.13451867438910708,-0.13451867438910695,2015,9,40,Monday,false,37.1115725710025,3266.9285714285716,-0.10074391346631494,0.7508800314843561,true
2015-09-29,143082.1332657676,162929.0184723528,4288,33.36803481011371,37.99650617358974,-19846.885206585197,-0.1387097379217896,-0.13870973792178953,2015,9,40,Tuesday,false,36.69193789694209,3580.5714285714284,-0.09058946671512258,0.19757421002234285,true
2015-09-30,323548.78534206876,368434.8859088649,9693,33.37963327577311,38.01040812017589,-44886.10056679614,-0.13873054883930644,-0.13873054883930644,2015,9,40,Wednesday,false,36.27301513230763,3794.0,-0.07976678657621274,1.554823405376911,true
2015-10-01,402312.33315894654,459285.80452600674,12065,33.34540680969304,38.067617449316764,-56973.47136706021,-0.14161502561879202,-0.14161502561879213,2015,10,40,Thursday,false,35.867151203824676,4431.142857142857,-0.07030790875475866,1.722773873234896,true
2015-10-02,393635.174854894,448390.96576197416,11758,33.47807236391342,38.134969022110404,-54755.79090708017,-0.13910289121713992,-0.13910289121713987,2015,10,40,Friday,false,35.45279843782952,5238.642857142857,-0.05570014670009779,1.2444744413084088,true
2015-10-03,451100.060076857,515549.389916234,13508,33.39502961777147,38.166226674284424,-64449.329839377024,-0.14287147252517846,-0.14287147252517834,2015,10,40,Saturday,true,35.055947707716896,5953.142857142857,-0.04737906685032527,1.2690535611441736,false
2015-10-04,202902.62490132518,232360.32715548942,6085,33.344720608270364,38.18575631150196,-29457.702254164236,-0.14518147445598592,-0.1451814744559861,2015,10,40,Sunday,true,34.65063548266003,6791.857142857143,-0.037688049762988445,-0.10407420650779298,false
2015-10-05,294557.6463662238,336897.9224004055,8828,33.36629433237696,38.16242890806587,-42340.276034181705,-0.14374190097085443,-0.14374190097085443,2015,10,41,Monday,false,34.259016085384324,7149.5,-0.02605800910284228,0.23477166235401076,false
2015-10-06,221618.32824753015,253291.06228608298,6636,33.3963725508635,38.16923783696247,-31672.734038552822,-0.14291567980414002,-0.14291567980413997,2015,10,41,Tuesday,false,33.82690171983346,7699.785714285715,-0.012727419511717585,-0.13815783370594734,false
2015-10-07,63968.38248018537,61942.84267774664,1622,39.43796700381342,38.18917551032468,2025.5398024387323,0.03166470252809905,0.031664702528099074,2015,10,41,Wednesday,false,33.39634903819884,8089.357142857143,0.18090654037374435,-0.7994896292306469,false
2015-10-08,59609.54470528037,57736.476659462984,1512,39.42430205375686,38.185500436152765,1873.0680458173883,0.03142228404994791,0.031422284049948,2015,10,41,Thursday,false,33.812910302318826,7939.142857142857,0.16595411933687398,-0.8095512289919746,false
2015-10-09,126588.25297451638,122622.36311479038,3211,39.42331142152488,38.18821647922466,3965.8898597259977,0.03132905120765333,0.03132905120765345,2015,10,41,Friday,false,34.2431539065654,7726.285714285715,0.1512757127773297,-0.5844057392204719,false
2015-10-10,119755.01159048088,116003.68691362541,3037,39.43200908478132,38.19680174962971,3751.3246768554673,0.03132499113843895,0.03132499113843882,2015,10,41,Saturday,true,34.675749639208576,7167.785714285715,0.13716385355934008,-0.5762987174760088,false
2015-10-11,57413.410482090374,55617.58464392972,1456,39.43228741901812,38.19889055214953,1795.8258381606574,0.031278856683158544,0.03127885668315867,2015,10,41,Sunday,true,35.10874840152606,6632.714285714285,0.12314705634177862,-0.780482026319757,false
2015-10-12,57749.13693860537,55933.00857584616,1465,39.41920610143711,38.179528038120246,1816.128362759213,0.03144858016995106,0.03144858016995099,2015,10,42,Monday,false,35.542589204784335,6387.071428571428,0.10906962557840191,-0.7706304029344994,false
2015-10-13,40140.82003455524,38881.08844178642,1018,39.43106093767705,38.19360357739334,1259.7315927688178,0.0313828066213988,0.031382806621398855,2015,10,42,Tuesday,false,35.97447481807909,6083.142857142857,0.09608440809984657,-0.8326522943966934,false
2015-10-14,42195.81736485025,40869.24947226706,1070,39.43534333163575,38.195560254455195,1326.567892583189,0.0314383741192377,0.031438374119237805,2015,10,42,Wednesday,false,36.40754811290505,5849.571428571428,0.0831639419754682,-0.8170806164065744,false
2015-10-15,53490.797465390366,51799.16590340081,1357,39.41842112409017,38.17182454193133,1691.631561989554,0.03162472130059519,0.03162472130059514,2015,10,42,Thursday,false,36.84009883118095,5233.642857142857,0.06998684516901904,-0.7407159722127444,false
2015-10-16,110809.31580557745,107331.98051512288,2810,39.43392021550799,38.196434347018815,3477.3352904545754,0.031381254050478924,0.03138125405047894,2015,10,42,Friday,false,37.27388556792361,4468.785714285715,0.05795034820419206,-0.37119383661269445,false
2015-10-17,111527.01346960258,108023.60734392128,2829,39.42276898890158,38.18437870057309,3503.4061256813,0.031413072193815866,0.031413072193815825,2015,10,42,Saturday,true,37.699303271608926,3829.6428571428573,0.04571611588882026,-0.26128881842767887,false
2015-10-18,59808.13866875037,57937.4586559695,1517,39.42527268869504,38.19212831639387,1870.6800127808674,0.031278017581214144,0.031278017581214235,2015,10,42,Sunday,true,38.12985608383251,3066.8571428571427,0.03397381311942067,-0.5053568101360164,false
2015-10-19,55166.226228085376,53436.89709278487,1399,39.43261345824544,38.19649542014644,1729.3291353005043,0.03134760619931792,0.03134760619931788,2015,10,43,Monday,false,38.56418123243427,2740.5714285714284,0.022519140768915827,-0.489522518765638,false
2015-10-20,42054.680471955246,40736.15047559227,1067,39.413946084306694,38.178210380123964,1318.5299963629732,0.03135275269163568,0.03135275269163567,2015,10,43,Tuesday,false,38.99748974142488,2209.9285714285716,0.01067905513003923,-0.5171789650602799,false
2015-10-21,53678.179109280245,51999.86086819557,1361,39.44024916185176,38.207098360173084,1678.3182410846784,0.03126630353216508,0.03126630353216506,2015,10,43,Wednesday,false,39.4273164223851,1812.142857142857,3.280147025000296E-4,-0.24895545920378398,false
2015-10-22,55930.16864310537,54177.690061877336,1419,39.415199889432955,38.180190318447735,1752.4785812280315,0.031333332685097554,0.03133333268509747,2015,10,43,Thursday,false,39.427479433673554,1793.5,-3.114463419163243E-4,-0.2088095901867856,false
2015-10-23,185771.00146306364,192527.0110099228,5042,36.84470477252353,38.1846511324718,-6756.009546859161,-0.036367406611641916,-0.03636740661164205,2015,10,43,Friday,false,39.426829279078994,1786.857142857143,-0.06549155876264226,1.8217141029740964,true
2015-10-24,253116.91319854016,262409.5694229162,6872,36.83307817208093,38.185327331623434,-9292.656224376056,-0.03671290119237141,-0.03671290119237149,2015,10,43,Saturday,true,39.24264308986461,1917.642857142857,-0.061401697950513597,2.5835661340186986,true
2015-10-25,118618.45370215292,122915.26701698842,3218,36.860924083950565,38.196167500617904,-4296.813314835497,-0.03622381830760208,-0.03622381830760208,2015,10,43,Sunday,true,39.057005167528864,2191.5714285714284,-0.056227585145316596,0.46835278013167336,true
2015-10-26,123320.78404237365,128133.77860887129,3347,36.84517001564794,38.283172575103464,-4812.99456649764,-0.03902825143281501,-0.03902825143281507,2015,10,44,Monday,false,38.87333635788118,2317.4285714285716,-0.05217371422821162,0.44427320922204405,true
2015-10-27,117051.27721540268,122175.00027270183,3177,36.84333560447047,38.45609073739434,-5123.723057299154,-0.0437733203702704,-0.04377332037027032,2015,10,44,Tuesday,false,38.68947663746768,2451.8571428571427,-0.0477168779070371,0.29575249082328275,false
2015-10-28,159299.98906190018,174699.07672381026,4532,35.150041717100656,38.54789865926969,-15399.087661910075,-0.09666722359865547,-0.09666722359865543,2015,10,44,Wednesday,false,38.5046391136672,2606.0714285714284,-0.08712190203013315,0.7390160339865699,true
2015-10-29,119047.40986790293,124349.26548929588,3231,36.845376003683974,38.48630934363847,-5301.855621392955,-0.044535665473746856,-0.04453566547374697,2015,10,44,Thursday,false,38.1985461412004,2853.3571428571427,-0.035424650260626515,0.1323503642326083,false
2015-10-30,285081.9743284353,297627.6907154063,7731,36.875174534786616,38.49795507895568,-12545.716386971006,-0.044007399683985,-0.04400739968398501,2015,10,44,Friday,false,38.014757204028534,2987.214285714286,-0.02997737597337996,1.5880299371129334,false
2015-10-31,391656.2125835714,429832.83476080553,11148,35.132419499782145,38.5569460675283,-38176.62217723415,-0.09747482856304251,-0.0974748285630425,2015,10,44,Saturday,true,37.831989655405586,3338.714285714286,-0.071356811529412,2.3390098840443283,true
2015-11-01,274814.77805485035,287978.17491181655,7459,36.84338088950936,38.60814786322785,-13163.396856966196,-0.04789915939068935,-0.04789915939068935,2015,11,44,Sunday,true,37.52553612046847,3932.9285714285716,-0.018178427318644667,0.8965510978732678,false
2015-11-02,269555.02312096773,281915.19210462895,7316,36.84459036645267,38.53406124994928,-12360.16898366122,-0.045853973858666956,-0.0458539738586669,2015,11,45,Monday,false,37.341115277669495,4357.357142857143,-0.013297002714692684,0.6789993934724521,false
2015-11-03,192001.03461514864,201125.77547468373,5211,36.845333835184924,38.59638754071843,-9124.740859535086,-0.047524435885592645,-0.04752443588559277,2015,11,45,Tuesday,false,37.15625648539858,4780.0,-0.00836797566880397,0.0901673640167364,false
2015-11-04,201367.78697700135,220579.99556067705,5731,35.13658820048881,38.488919134649635,-19212.208583675703,-0.09540855005706533,-0.09540855005706526,2015,11,45,Wednesday,false,36.97278418188989,5076.0,-0.04966344899447669,0.12903861308116626,false
2015-11-05,111874.55897295268,116637.03434528297,3036,36.84932772495148,38.41799550239887,-4762.475372330286,-0.04256978008272358,-0.042569780082723434,2015,11,45,Thursday,false,36.66537982750682,5388.142857142857,0.0050169369118784005,-0.43654055200572683,false
2015-11-06,214540.3330908476,223738.43271863073,5822,36.84993697884706,38.42982355180878,-9198.099627783144,-0.042873521706933246,-0.042873521706933176,2015,11,45,Friday,false,36.48210324432957,5503.642857142857,0.01008258027378567,0.05784480409079706,false
2015-11-07,280264.24446527625,306935.1603958135,7987,35.090051892484816,38.42934273141524,-26670.915930537274,-0.0951634625437984,-0.09516346254379848,2015,11,45,Saturday,true,36.48247697335269,5559.357142857143,-0.038166955656133775,0.43667690251956154,false
2015-11-08,134136.72870994985,140236.3033001348,3640,36.85074964559062,38.526456950586486,-6099.574590184959,-0.04547281455904859,-0.04547281455904859,2015,11,45,Sunday,true,36.35797509623868,5639.0,0.013553410167853764,-0.3544954779216173,false
2015-11-09,94243.46552793356,89949.30417187726,2338,40.30943777927013,38.472756275396605,4294.161356056298,0.04556455274645559,0.04556455274645554,2015,11,46,Monday,false,36.35724835064154,5669.142857142857,0.10870430541146404,-0.5875919766152605,false
2015-11-10,131436.19785473638,143823.38644063805,3744,35.105822076585575,38.4143660364952,-12387.188585901662,-0.0942448791739397,-0.09424487917393956,2015,11,46,Tuesday,false,36.604696048043124,5597.071428571428,-0.04094758687492716,-0.3310787529192562,false
2015-11-11,147893.94147097637,161665.60055441552,4216,35.07920812878946,38.345730681787366,-13771.659083439154,-0.09311848035466544,-0.09311848035466555,2015,11,46,Wednesday,false,36.48058793890849,5637.571428571428,-0.038414397609649965,-0.2521602513747054,false
2015-11-12,140238.3905104714,153481.4533973026,4000,35.05959762761785,38.37036334932565,-13243.062886831205,-0.09443250766517008,-0.09443250766517013,2015,11,46,Thursday,false,36.475528396886254,5615.0,-0.03881864996887278,-0.28762243989314334,false
2015-11-13,358183.774004685,391310.3206849369,10204,35.1022906707845,38.34871821686955,-33126.54668025189,-0.09248477760418762,-0.09248477760418755,2015,11,46,Friday,false,36.34797279859582,5669.928571428572,-0.03427102068975477,0.7996699378928935,false
2015-11-14,377937.13869747263,413010.2290451295,10769,35.09491491294202,38.351771663583385,-35073.090347656864,-0.09280138614726567,-0.09280138614726556,2015,11,46,Saturday,true,36.22133823688139,5846.571428571428,-0.031098335367201135,0.8419342227434883,false
2015-11-15,168729.96240320895,184673.48850580244,4803,35.13011917618341,38.4496124309395,-15943.526102593489,-0.09449137471206046,-0.09449137471206051,2015,11,46,Sunday,true,36.21865933782138,5819.5,-0.030054678487264046,-0.17467136351920268,false
2015-11-16,177192.56981712018,193615.30370472991,5042,35.14331015809603,38.40049656976,-16422.733887609735,-0.09268297143926282,-0.09268297143926293,2015,11,47,Monday,false,36.09628350115524,5629.785714285715,-0.026400871519881366,-0.10440640978469118,false
2015-11-17,152368.74909244638,166625.3650177976,4342,35.091835350632515,38.37525679820304,-14256.615925351216,-0.09356653520008443,-0.09356653520008446,2015,11,47,Tuesday,false,35.97476348627262,5467.357142857143,-0.024542986529349047,-0.2058320159910116,false
2015-11-18,147471.80491951638,161402.91869953024,4202,35.09562230354983,38.41097541635656,-13931.113780013868,-0.0944662865394294,-0.09446628653942934,2015,11,47,Wednesday,false,35.849513594518875,5405.285714285715,-0.021029331094866186,-0.2226127864259852,false
2015-11-19,145697.1519823564,159317.609394273,4151,35.09928980543396,38.38053707402385,-13620.457411916606,-0.09348471968461,-0.0934847196846101,2015,11,47,Thursday,false,35.84658745902323,5296.071428571428,-0.02084710725793685,-0.21621147751028388,false
2015-11-20,301033.98651272245,328965.14326487976,8567,35.13878679966411,38.39910625246641,-27931.156752157316,-0.09278406427035399,-0.09278406427035395,2015,11,47,Friday,false,35.721584750486265,5375.714285714285,-0.01631500827561188,0.5936486845601915,false
2015-11-21,309518.07207128487,338720.0236259857,8811,35.12859744311484,38.44285820292654,-29201.95155470085,-0.09434651540468167,-0.09434651540468167,2015,11,47,Saturday,true,35.599359737687486,5571.785714285715,-0.013223897790337748,0.5813601692199217,false
2015-11-22,152504.63172735393,167600.65093574603,4345,35.09887956901126,38.57322230972291,-15096.0192083921,-0.09898728345104031,-0.09898728345104041,2015,11,47,Sunday,true,35.60211299130391,5630.642857142857,-0.01413493132881104,-0.22832967562699003,false
2015-11-23,79711.58341410049,74375.78870786497,1937,41.15208229948399,38.39741285899069,5335.794706235523,0.06693876194274237,0.0669387619427424,2015,11,48,Monday,false,35.476979414405385,5681.0,0.1599657856659082,-0.6590389016018307,false
2015-11-24,111021.37911399867,121456.52401919739,3160,35.13334782088565,38.43560886683461,-10435.144905198715,-0.0939922111261447,-0.0939922111261447,2015,11,48,Tuesday,false,35.53716830870638,5652.357142857143,-0.011363327666199855,-0.4409412002577939,false
2015-11-25,243161.25923328882,266054.36985679285,6924,35.11861051896141,38.42495231900532,-22893.110623504035,-0.09414785355071877,-0.09414785355071875,2015,11,48,Wednesday,false,35.53913443329925,5610.642857142857,-0.011832699952979779,0.23408318374517822,false
2015-11-26,311443.18123189744,355343.87184090714,9273,33.58602191652081,38.320270876836744,-43900.6906090097,-0.14095890760992996,-0.14095890760992993,2015,11,48,Thursday,false,35.5419488897401,5804.071428571428,-0.05503150598992363,0.5976715852172736,true
2015-11-27,375876.0134219526,431325.6866936764,11257,33.3904249286624,38.3162198359844,-55449.67327172379,-0.14752118063324474,-0.14752118063324465,2015,11,48,Friday,false,35.436693481804596,6180.714285714285,-0.05774434215181165,0.8213105281405294,true
2015-11-28,434639.6589952693,498895.6186453555,13019,33.385026422556976,38.320579049493475,-64255.95965008624,-0.14783731378453344,-0.14783731378453355,2015,11,48,Saturday,true,35.314417357367304,6255.928571428572,-0.05463465290353483,1.081065960289097,true
2015-11-29,238637.8163554564,274093.57795911963,7139,33.42734505609419,38.393833584412334,-35455.76160366324,-0.14857562034866714,-0.14857562034866711,2015,11,48,Sunday,true,35.19228246519694,6416.642857142857,-0.0501512628755514,0.11257555686663034,true
2015-11-30,260653.6669634964,283981.1506886445,7423,35.11432937673399,38.256924516859016,-23327.483725148108,-0.08949608880206177,-0.08949608880206157,2015,11,49,Monday,false,35.07065574233342,6583.5,0.0012453041859679713,0.12751575909470647,false
2015-12-01,262394.7800182788,285838.55681476905,7474,35.10767728368729,38.24438812078794,-23443.776796490245,-0.08934543894073319,-0.08934543894073327,2015,12,49,Tuesday,false,35.06858568652185,6753.571428571428,0.0011147183839940917,0.10667371760973032,false
2015-12-02,248437.71130109383,269807.6204390979,7056,35.20942620480355,38.238041445450385,-21369.90913800409,-0.0860171711697378,-0.08601717116973773,2015,12,49,Wednesday,false,35.06971725316862,6977.285714285715,0.003983749017032828,0.011281505292684369,false
2015-12-03,201048.83046167396,219110.39319645413,5732,35.07481340922435,38.225818771188784,-18061.562734780164,-0.08983669635533269,-0.08983669635533262,2015,12,49,Thursday,false,35.077846103258175,7181.142857142857,-8.64561075072768E-5,-0.20179836078618602,false
2015-12-04,317690.76093605126,345449.5299468609,9038,35.150559961944154,38.2218997507038,-27758.769010809658,-0.08737669590711607,-0.08737669590711608,2015,12,49,Friday,false,35.0760977892432,7294.071428571428,0.0021228750458036926,0.23908849652849185,false
2015-12-05,378527.8726171638,410385.0370093724,10737,35.254528510493046,38.221573717926084,-31857.164392208564,-0.08416068325945529,-0.08416068325945521,2015,12,49,Saturday,true,35.07693872940606,7327.714285714285,0.005062864306858897,0.46525909463095105,false
2015-12-06,195425.39107959517,210461.38622248988,5505,35.499616908191676,38.23095117574748,-15035.99514289471,-0.07693982373442287,-0.07693982373442278,2015,12,49,Sunday,true,35.085933805647365,7465.285714285715,0.011790568403732377,-0.2625868304724726,false
2015-12-07,90441.60336852976,83999.59125393689,2198,41.14722628231563,38.21637454683207,6442.0121145928715,0.07122841562575002,0.0712284156257499,2015,12,50,Monday,false,35.11455790130311,7548.142857142857,0.1717996392826192,-0.708802543672048,false
2015-12-08,117649.00063301293,121640.37979023655,3190,36.88056446175954,38.13178049850676,-3991.3791572236223,-0.03392616287216995,-0.03392616287216993,2015,12,50,Tuesday,false,35.11421104293394,7566.785714285715,0.05030309286077629,-0.5784207296927362,false
2015-12-09,141285.39545671365,145443.04659183422,3814,37.04388973694642,38.13399228941642,-4157.65113512057,-0.02942732418790144,-0.029427324187901522,2015,12,50,Wednesday,false,35.23901223156779,7568.928571428572,0.051218163934850104,-0.49609776813098666,false
2015-12-10,133183.69368019365,137725.8761104481,3610,36.892989939111814,38.151212218960694,-4542.182430254441,-0.034104643779900884,-0.034104643779901,2015,12,50,Thursday,false,35.37653217570958,7346.785714285715,0.04286620734531676,-0.5086286519858053,false
2015-12-11,229672.25632039242,237672.0164167957,6227,36.88329152407137,38.16798079601665,-7999.760096403275,-0.03483119913814763,-0.03483119913814763,2015,12,50,Friday,false,35.61274417732322,6942.285714285715,0.03567676055576698,-0.10303317145444074,false
2015-12-12,333488.79787882004,359621.07489373686,9422,35.394693045937174,38.16823125596868,-26132.27701491682,-0.07836028430679856,-0.07836028430679857,2015,12,50,Saturday,true,35.86223464842386,6583.0,-0.013037157529926314,0.4312623423970834,false
2015-12-13,185422.88563610363,191390.4013103133,5014,36.98103024254161,38.17120089954393,-5967.515674209659,-0.03218327475455773,-0.03218327475455776,2015,12,50,Sunday,true,36.00578226437959,6326.071428571428,0.027085871124839483,-0.20740698921695927,false
2015-12-14,173833.13316842366,179871.05329942374,4715,36.86810883741753,38.14868574749178,-6037.920131000079,-0.03473400048050708,-0.034734000480507204,2015,12,51,Monday,false,36.2596169205544,6174.285714285715,0.01678153186770696,-0.23634891254049056,false
2015-12-15,220271.72138524518,237123.34334010517,6212,35.45906654624037,38.17181959757006,-16851.62195485999,-0.07650379199328666,-0.0765037919932867,2015,12,51,Tuesday,false,36.38488688203179,5980.857142857143,-0.02544518933900068,0.038647112215162614,false
2015-12-16,234468.07119528638,251493.90890012978,6585,35.60638894385518,38.19193757025509,-17025.837704843405,-0.07261473862111799,-0.07261473862111809,2015,12,51,Wednesday,false,36.4099861150713,5890.714285714285,-0.0220707903781233,0.11786104037831946,false
2015-12-17,213778.13805030516,230994.3551988599,6051,35.3293898612304,38.17457530967772,-17216.217148554744,-0.08053310458014895,-0.08053310458014881,2015,12,51,Thursday,false,36.43834059643213,5857.071428571428,-0.030433623404637337,0.03311015987999856,false
2015-12-18,273563.0147962938,295854.55231599195,7750,35.29845352210243,38.17478094399896,-22291.537519698148,-0.08148593309039724,-0.0814859330903972,2015,12,51,Friday,false,36.456524628718284,5879.857142857143,-0.03176581197494611,0.3180592337034427,false
2015-12-19,337506.78841922,362223.1608767092,9490,35.5644666405922,38.16893159923174,-24716.372457489197,-0.07323222318950451,-0.07323222318950462,2015,12,51,Saturday,true,36.46708845444387,5787.857142857143,-0.024751683013555025,0.6396396396396395,false
2015-12-20,155312.78386216637,167421.9736951709,4382,35.44335551395855,38.20674890350774,-12109.189833004522,-0.07796647212087142,-0.0779664721208715,2015,12,51,Sunday,true,36.4892268923081,5698.785714285715,-0.028662470198019496,-0.2310642618101601,false
2015-12-21,289243.3830561976,312784.97431839356,8196,35.29079832310854,38.16312522186354,-23541.591262195958,-0.08139025001523378,-0.08139025001523383,2015,12,52,Monday,false,36.485208221291444,5618.571428571428,-0.032736825590757905,0.4587337909992373,false
2015-12-22,313125.3325325176,338299.6178454863,8863,35.32949707012497,38.169876773720674,-25174.285312968714,-0.08039683378333626,-0.08039683378333622,2015,12,52,Tuesday,false,36.06689193849093,6047.0,-0.020445201367046705,0.46568546386638004,false
2015-12-23,268330.3927050155,249584.21516385436,6534,41.0667879866874,38.19776785489047,18746.17754116113,0.06986229682065656,0.06986229682065659,2015,12,52,Wednesday,false,35.956101410517036,6452.214285714285,0.1421368384136192,0.01267560416689736,false
2015-12-24,392228.13795848226,364396.19424887956,9540,41.11406058265013,38.196666063823855,27831.943709602696,0.07095855961396817,0.07095855961396816,2015,12,52,Thursday,false,36.24345128549854,6646.5,0.1343859131622045,0.43534190927555855,false
2015-12-25,133728.98372885137,124363.55727660947,3256,41.07155519927868,38.195195723774404,9365.426452241896,0.07003288435386017,0.07003288435386029,2015,12,52,Friday,false,36.54495633146556,7070.071428571428,0.12386384667576324,-0.5394671704670593,false
2015-12-26,82778.44404831037,76876.4926983143,2013,41.12192948251881,38.19001127586403,5901.951349996074,0.07129816726866275,0.0712981672686627,2015,12,52,Saturday,true,36.8441180225518,6857.857142857143,0.11610568225160445,-0.7064680762420581,false
2015-12-27,69522.83697394037,64616.07664627437,1692,41.0891471477189,38.18917059472481,4906.760327666001,0.07057767693664786,0.07057767693664786,2015,12,52,Sunday,true,37.25320633945049,6328.642857142857,0.10296941351344059,-0.7326441010823805,false
2015-12-28,133021.27279536257,123500.78778967516,3234,41.13211898434217,38.18824606978205,9520.485005687413,0.07157114652130526,0.0715711465213053,2015,12,53,Monday,false,37.54664326124886,6091.357142857143,0.09549390868700659,-0.4690838307203415,false
2015-12-29,161267.5205918376,175378.1459152207,4592,35.11923357836184,38.1921049466944,-14110.625323383108,-0.0874982468360545,-0.08749824683605446,2015,12,53,Tuesday,false,37.851215414600624,5985.571428571428,-0.07217685895457279,-0.2328217857228096,false
2015-12-30,208583.21799035516,227060.26267849398,5945,35.08548662579565,38.19348405020925,-18477.04468813882,-0.08858356327110263,-0.0885835632711027,2015,12,53,Wednesday,false,37.82694163118073,5869.857142857143,-0.07247360973865509,0.012801479714765465,false
2015-12-31,325457.52500147885,353929.7383549917,9266,35.123842542788566,38.19660461417998,-28472.213353512867,-0.08748365352247883,-0.08748365352247882,2015,12,53,Thursday,false,37.78973432274791,5824.142857142857,-0.07054539619651638,0.5909637224361648,true
2016-01-01,111650.23977407867,121448.2838171389,3179,35.12118269080801,38.20329783489742,-9798.044043060232,-0.08775658756207168,-0.08775658756207161,2016,1,53,Friday,false,37.77505237143064,6053.785714285715,-0.07025455992828099,-0.47487404575649245,false
2016-01-02,262421.2818645576,285675.8457131606,7479,35.087749948463376,38.19706454247367,-23254.563848602993,-0.08861538852098617,-0.08861538852098612,2016,1,53,Saturday,true,37.76239016919532,5727.285714285715,-0.07082814961521644,0.30585418173654927,true
2016-01-03,164527.53891335515,179308.94953055488,4694,35.05060479619837,38.199605779837,-14781.410617199726,-0.0898415591385223,-0.08984155913852229,2016,1,53,Sunday,true,37.728338976900396,5583.642857142857,-0.07097408084521023,-0.15933018638625573,false
2016-01-04,274990.1464991988,299576.2413696627,7843,35.06185726114992,38.19663921581827,-24586.094870463887,-0.08940718488811569,-0.08940718488811578,2016,1,1,Monday,false,37.700285354203245,5605.928571428572,-0.06998430033790624,0.3990545723277652,true
2016-01-05,215737.84279871394,234642.08574813223,6150,35.07932403231121,38.15318467449305,-18904.242949418287,-0.08762599414260472,-0.0876259941426047,2016,1,1,Tuesday,false,37.683932421206215,5580.714285714285,-0.06911721313429826,0.10200947139383088,true
2016-01-06,98646.9826975288,91610.5600019723,2401,41.08579037797951,38.15516868053824,7036.4226955564955,0.07132932506543624,0.07132932506543611,2016,1,1,Wednesday,false,37.666062918505226,5386.928571428572,0.09079067984549505,-0.5542914727448719,false
2016-01-07,74401.21529302049,68988.86125910636,1808,41.151114653219295,38.1575560061429,5412.354033914133,0.0727455057366766,0.07274550573667653,2016,1,1,Thursday,false,37.66742023216894,5091.714285714285,0.09248561222345637,-0.6449133045283654,false
2016-01-08,106592.34299626794,99021.68292069217,2594,41.091882419532745,38.173355019542086,7570.660075575768,0.07102442692193037,0.07102442692193037,2016,1,1,Friday,false,37.67006695149531,4539.428571428572,0.09083645835945636,-0.42856243705941593,false
2016-01-09,134629.65819693016,124963.46551384707,3274,41.12084856350952,38.16843784784577,9666.192683083093,0.07179838983876662,0.07179838983876669,2016,1,1,Saturday,true,37.671518895799174,4492.142857142857,0.0915633287113089,-0.27117188742248366,false
2016-01-10,90773.65305790915,84299.28823998044,2207,41.12988357857234,38.19632453102874,6474.364817928712,0.07132427306630905,0.0713242730663091,2016,1,1,Sunday,true,37.6714416872985,4582.214285714285,0.09180540314813355,-0.5183551308631198,false
2016-01-11,121373.06822441636,112550.43230873269,2949,41.15736460644841,38.16562641869539,8822.63591568367,0.07269022728642563,0.07269022728642556,2016,1,2,Monday,false,37.674351432359465,4619.0,0.09245051451893864,-0.3615501190733925,false
2016-01-12,99445.55710397917,92226.51809575803,2417,41.144210634662464,38.15743404872074,7219.039008221138,0.07259287612691426,0.0725928761269144,2016,1,2,Tuesday,false,37.676154691081344,4598.642857142857,0.09204909503150742,-0.47441015206349696,false
2016-01-13,67587.54693007037,62760.35683146228,1644,41.111646551137696,38.175399532519634,4827.190098608087,0.07142129457076689,0.07142129457076697,2016,1,2,Wednesday,false,38.106510195102814,4443.285714285715,0.0788614948114845,-0.6300035366363373,false
2016-01-14,61685.93523841037,57191.43931779157,1499,41.15139108633113,38.15306158625188,4494.4959206188,0.07286095125652214,0.0728609512565221,2016,1,2,Thursday,false,38.536950189770096,4136.071428571428,0.06784244429532094,-0.6375787928503583,false
2016-01-15,150006.92979182393,139244.8957677091,3648,41.120320666618404,38.17020169070973,10762.034024114837,0.07174357904031589,0.07174357904031589,2016,1,2,Friday,false,38.96748937145171,3581.285714285714,0.05524685654354461,0.018628585105109917,false
2016-01-16,191287.35348550288,177577.28721349483,4652,41.11937951107113,38.17224574666699,13710.066272008058,0.07167262248231744,0.07167262248231751,2016,1,2,Saturday,true,39.39599922686675,3614.785714285714,0.043745058331433155,0.2869365897998301,false
2016-01-17,92595.46083693915,86018.18960551938,2252,41.116989714449,38.196354176518376,6577.271231419771,0.07103232892811412,0.07103232892811401,2016,1,2,Sunday,true,39.82682990991015,3412.8571428571427,0.03239423794103717,-0.3401423189619087,false
2016-01-18,96947.05428847916,89961.35950377268,2357,41.13154615548543,38.16773844029388,6985.694784706488,0.07205680292172263,0.07205680292172258,2016,1,3,Monday,false,40.26014311835662,3238.4285714285716,0.021644310467726358,-0.2721778640434073,false
2016-01-19,70512.8945004905,65453.27639155451,1715,41.11539037929475,38.16517573851575,5059.618108935989,0.07175450879981665,0.07175450879981665,2016,1,3,Tuesday,false,40.69369232509489,2846.5714285714284,0.010362737567065485,-0.39752082706012243,false
2016-01-20,159590.49006920136,182351.1388452415,4776,33.41509423559493,38.18072421382779,-22760.64877604015,-0.14261907940862087,-0.14261907940862076,2016,1,3,Wednesday,false,41.12483992130798,2529.785714285714,-0.18747174944548314,0.8879069373464721,true
2016-01-21,67046.27341580037,61894.26256053051,1628,41.18321462887001,38.01858879639466,5152.010855269866,0.07684261321011354,0.07684261321011364,2016,1,3,Thursday,false,40.5769330539948,2699.4285714285716,0.014941532768591614,-0.39690939881456394,false
2016-01-22,266949.23879314214,294322.9271827347,7806,34.197955264302095,37.70470499394501,-27373.68838959257,-0.10254267258204969,-0.10254267258204969,2016,1,3,Friday,false,40.579225909398424,2686.5714285714284,-0.1572546174080266,1.9055620546634053,true
2016-01-23,315272.2247721219,346093.067004291,9210,34.23151191879716,37.577966015666775,-30820.842232169118,-0.09775945931947021,-0.09775945931947032,2016,1,3,Saturday,true,40.08680254116767,3058.8571428571427,-0.1460652945905911,2.0109284513356998,true
2016-01-24,149138.92151888515,163505.71301989807,4351,34.27692979059645,37.57888141114642,-14366.791501012922,-0.09633160381405657,-0.0963316038140566,2016,1,3,Sunday,true,39.59470706654536,3482.8571428571427,-0.13430525618011319,0.24926168990976216,true
2016-01-25,215171.03820177002,234621.5988597088,6278,34.27381940136509,37.37202912706416,-19450.560657938797,-0.09039581172490153,-0.0903958117249014,2016,1,4,Monday,false,39.10521036740422,3636.0,-0.12354852257913669,0.7266226622662266,true
2016-01-26,205197.8983571688,221931.5800527438,5992,34.24531013971442,37.037980649656845,-16733.68169557501,-0.08154899162976931,-0.08154899162976931,2016,1,4,Tuesday,false,38.61352856704112,3873.785714285714,-0.11312663176437156,0.5468072944517176,true
2016-01-27,214452.24842869502,231730.23274989825,6265,34.230207251188354,36.988065881867236,-17277.98432120323,-0.08056797934178865,-0.0805679793417885,2016,1,4,Wednesday,false,38.12074996025912,4129.142857142857,-0.1020583989855041,0.5172640464987546,true
2016-01-28,195767.97355403757,210639.84818927525,5723,34.207229347202095,36.80584452022982,-14871.874635237677,-0.07596684158929914,-0.07596684158929909,2016,1,4,Thursday,false,37.62921858169131,4459.214285714285,-0.09093968366789854,0.28340995370741173,true
2016-01-29,397984.32926288777,437198.92957971455,11900,33.44406128259561,36.73940584703484,-39214.60031682678,-0.09853302613561865,-0.09853302613561868,2016,1,4,Friday,false,37.13320702889638,4760.928571428572,-0.09934896663867307,1.4995124000420086,true
2016-01-30,512603.10345302336,561872.2060329898,15345,33.40522016637493,36.61597953945844,-49269.10257996642,-0.09611549802971804,-0.0961154980297182,2016,1,4,Saturday,true,36.58490278718047,5350.357142857143,-0.08691242503231997,1.868032841599359,true
2016-01-31,218104.06693917137,238662.19210478582,6525,33.4259106420186,36.57658116548442,-20558.125165614445,-0.09425833022796429,-0.09425833022796444,2016,1,4,Sunday,true,36.03389140541645,6114.142857142857,-0.07237577351986546,0.06719783172504035,false
2016-02-01,339004.33688676247,371177.1868830317,10153,33.3895732184342,36.55837554250287,-32172.849996269215,-0.09490394810794384,-0.09490394810794386,2016,2,5,Monday,false,35.484528614528564,6419.357142857143,-0.059038557869882984,0.5816225478741751,true
2016-02-02,278116.3693275634,295645.6291087982,8116,34.267665023110325,36.42750481872822,-17529.25978123484,-0.0630285078998317,-0.06302850789983158,2016,2,5,Tuesday,false,34.93153054759633,6976.214285714285,-0.019004764866556563,0.16338169494302074,false
2016-02-03,264159.3006103735,280392.2735999451,7712,34.253021344706106,36.357919294598695,-16232.97298957163,-0.06145145354361286,-0.061451453543612915,2016,2,5,Wednesday,false,34.442407307868876,7433.428571428572,-0.005498627359868152,0.03747549679056,false
2016-02-04,197778.1337405588,209372.29223082794,5759,34.34244378200361,36.35566803799756,-11594.158490269125,-0.05862204416125241,-0.058622044161252496,2016,2,5,Thursday,false,34.50225924423396,7643.142857142857,-0.00463202890857232,-0.24651414900377552,false
2016-02-05,325749.00890694687,345287.8114965794,9501,34.2857603312227,36.34225991964839,-19538.802589632513,-0.059981157441415106,-0.05998115744141515,2016,2,5,Friday,false,34.013632755172075,7938.214285714285,0.008000544311434722,0.19686867323525448,false
2016-02-06,371561.97638721426,393884.43303565035,10840,34.27693509107143,36.33620230956184,-22322.456648436084,-0.060077343934604545,-0.06007734393460448,2016,2,5,Saturday,true,34.0199045456664,8059.285714285715,0.007555298841594532,0.34503234955242396,false
2016-02-07,174581.6768458314,185040.81733893292,5089,34.305694015687045,36.36093875789604,-10459.140493101528,-0.059909726393209795,-0.05990972639320996,2016,2,5,Sunday,true,34.02314905797171,8175.714285714285,0.008304491663423402,-0.37754674121964,false
2016-02-08,208489.36941933125,221372.8369468323,6087,34.251580321887836,36.36813486887339,-12883.467527501052,-0.061794361810307674,-0.06179436181030776,2016,2,6,Monday,false,34.02520364547818,8228.42857142857,0.006653205628638226,-0.2602475737425996,false
2016-02-09,84495.16666764012,74682.26681809923,2053,41.15692482593284,36.37713921972686,9812.899849540889,0.11613563516762697,0.11613563516762693,2016,2,6,Tuesday,false,34.02361513980124,8214.785714285714,0.20965760566069216,-0.7500847774483292,false
2016-02-10,76661.25003017939,66379.56360437386,1825,42.0061644000983,36.372363618834996,10281.686425805528,0.1341184290858539,0.1341184290858539,2016,2,6,Wednesday,false,34.51730190310255,7933.428571428572,0.21695967193550034,-0.7699607447689704,false
2016-02-11,64034.940459509766,55491.33852937348,1525,41.99012489148181,36.38776297008097,8543.601930136283,0.13342093970616759,0.13342093970616759,2016,2,6,Thursday,false,35.072727413738974,7616.285714285715,0.1972300983650647,-0.799771167048055,false
2016-02-12,148839.97486826516,129583.49206739766,3542,42.021449708714044,36.58483683438669,19256.482800867496,0.1293770898437128,0.1293770898437127,2016,2,6,Friday,false,35.62864852404467,7316.428571428572,0.17942867466205095,-0.5158840183539979,false
2016-02-13,172541.50792952394,150538.9836831414,4105,42.032036036424834,36.6721032114839,22002.524246382527,0.127520180566462,0.12752018056646203,2016,2,6,Saturday,true,36.241319125910266,6719.428571428572,0.15978217819269636,-0.3890849562037588,false
2016-02-14,87991.66300211854,76378.50463806391,2094,42.02085148143197,36.47493058169241,11613.15836405463,0.13198021230460236,0.13198021230460238,2016,2,6,Sunday,true,36.85752025948526,5916.571428571428,0.1400889475362338,-0.6460788101216921,false
2016-02-15,123445.38155042758,108669.22538125701,2940,41.98822501715224,36.962321558250686,14776.156169170572,0.11969792618879382,0.11969792618879377,2016,2,7,Monday,false,37.471444605157636,5600.071428571428,0.12053926555510766,-0.4750066963431589,false
2016-02-16,77344.6918736694,68269.24883841071,1841,42.01232584121097,37.08269898881625,9075.443035258693,0.11733763255637537,0.11733763255637535,2016,2,7,Tuesday,false,38.085634019351794,5084.857142857143,0.1031016529714059,-0.6379445974040568,false
2016-02-17,158963.02488179517,167521.52586053708,4529,35.09892357734493,36.98863454637604,-8558.500978741911,-0.05383957046052696,-0.05383957046052698,2016,2,7,Wednesday,false,38.63882407778755,4636.642857142857,-0.09161511989381728,-0.02321568869101715,false
2016-02-18,69598.07115293965,61492.9683081792,1658,41.97712373518676,37.08864192290664,8105.102844760448,0.11645585445823246,0.11645585445823234,2016,2,7,Thursday,false,38.69924566583318,4409.285714285715,0.08470134269949225,-0.6239753766402074,false
2016-02-19,161275.60219880517,143446.35832758574,3841,41.98792038500525,37.346096935065276,17829.243871219427,0.11055140162639875,0.1105514016263989,2016,2,7,Friday,false,39.2445799482034,4116.357142857143,0.06990367690067327,-0.06689340436238705,false
2016-02-20,325215.07679238246,345446.00184870965,9260,35.120418660084496,37.30518378495785,-20230.925056327193,-0.06220783260070882,-0.06220783260070895,2016,2,7,Saturday,true,39.79473423775931,3712.0714285714284,-0.1174606557175994,1.4945640670399662,true
2016-02-21,96957.29584445807,86455.49437804356,2308,42.00922696900263,37.459053023415755,10501.801466414516,0.10831367949103937,0.10831367949103934,2016,2,7,Sunday,true,39.85498306411738,3599.214285714286,0.05405205922229548,-0.3587489332989343,false
2016-02-22,85224.4770912288,75960.71802194037,2028,42.02390389113846,37.455975355986375,9263.759069288426,0.10869833861663954,0.10869833861663955,2016,2,8,Monday,false,40.40523541792563,3400.5714285714284,0.040060859848244125,-0.40362964207696184,false
2016-02-23,54612.87884153988,49071.80253789717,1301,41.977616327086764,37.718526162872536,5541.076303642709,0.10146098175341073,0.10146098175341077,2016,2,8,Tuesday,false,40.96040138715783,3110.6428571428573,0.024834105757758948,-0.5817584789547406,false
2016-02-24,81530.61238232465,81738.0564373136,2213,36.84166849630576,36.93540733724067,-207.44405498895503,-0.002544370131996306,-0.002544370131996347,2016,2,8,Wednesday,false,41.01902220866883,3056.9285714285716,-0.10183942686669512,-0.2760707526228474,false
2016-02-25,160947.5326401876,162597.49684526818,4404,36.5457612716139,36.920412544338824,-1649.964205080585,-0.010251565699793769,-0.010251565699793682,2016,2,8,Thursday,false,40.650129644112205,3084.6428571428573,-0.10096814963277212,0.42771795762417497,true
2016-02-26,188736.24741743514,183103.23368799078,4935,38.24442703494126,37.10298554974484,5633.013729444356,0.029845955965128443,0.029845955965128422,2016,2,8,Friday,false,40.261246528407355,3290.285714285714,-0.050093319690016944,0.49986974643973603,true
2016-02-27,215951.50786707396,210032.7880785589,5609,38.50089282707683,37.4456744657798,5918.719788515067,0.027407633532979335,0.027407633532979207,2016,2,8,Saturday,true,39.991459194566445,3389.785714285714,-0.037272117534839375,0.6546768653728638,false
2016-02-28,134995.8544959426,129938.7057703585,3452,39.106562716089975,37.64157177588601,5057.148725584091,0.037461511277267316,0.03746151127726737,2016,2,8,Sunday,true,39.73923467961301,3497.214285714286,-0.01592058751568284,-0.012928657502910498,false
2016-02-29,163079.3780439676,160332.58940603075,4270,38.191891813575545,37.548615785955676,2746.788637936843,0.016843261673442765,0.016843261673442758,2016,2,9,Monday,false,39.531071196374306,3594.214285714286,-0.033876627732809514,0.188020429658777,false
2016-03-01,180828.67409182637,182962.33699647625,4719,38.319278256373465,38.771421274947286,-2133.6629046498856,-0.011799361552396238,-0.011799361552396104,2016,3,9,Tuesday,false,39.25990453897597,3689.214285714286,-0.02395895490954844,0.27913415554996224,false
2016-03-02,171196.17519446637,174428.68089167497,4451,38.4624073678873,39.188649941962474,-3232.505697208602,-0.018881880354725867,-0.018881880354725804,2016,3,9,Wednesday,false,38.99611542577328,3894.785714285714,-0.01368618520226359,0.14280998404460177,false
2016-03-03,129719.0505263338,131961.9325082891,3364,38.56095437762598,39.22768505002648,-2242.881981955288,-0.017290305262448468,-0.01729030526244835,2016,3,9,Thursday,false,39.23636426795489,3889.214285714286,-0.01721387551905588,-0.13504380245734543,false
2016-03-04,142127.6420906126,144039.41368270025,3665,38.779711348052544,39.30134070469311,-1911.7715920876653,-0.013451089203807571,-0.013451089203807654,2016,3,9,Friday,false,38.99235217098626,4011.0714285714284,-0.0054533981946320725,-0.08627904906063572,false
2016-03-05,152124.4078943276,153377.51203867735,3889,39.11658727033366,39.438804844092914,-1253.1041443497525,-0.008237364152767743,-0.008237364152767645,2016,3,9,Saturday,true,38.76319438263249,3998.5,0.009116712214499627,-0.02738526947605352,false
2016-03-06,74132.78702307428,74332.27948422423,1882,39.39042881141035,39.4964290564422,-199.49246114994457,-0.0026910152600609946,-0.0026910152600609734,2016,3,9,Sunday,true,39.048634997650296,3614.8571428571427,0.008753028467720391,-0.47937085045842553,false
2016-03-07,91143.02860770928,95167.52873204894,2405,37.89730919239471,39.57069801748397,-4024.500124339669,-0.044155874407702744,-0.04415587440770281,2016,3,10,Monday,false,38.8615779863937,3584.4285714285716,-0.02481290889259828,-0.32904228607867364,false
2016-03-08,60528.093358145,62342.881166359926,1577,38.381796676058975,39.53258158932145,-1814.7878082149255,-0.029982570200531806,-0.029982570200531817,2016,3,10,Tuesday,false,38.56682122219771,3611.3571428571427,-0.0047975057387472965,-0.5633220593761743,false
2016-03-09,38340.599611080244,35918.3351533292,913,41.99408500665963,39.341002358520484,2422.2644577510437,0.06317753197190534,0.06317753197190529,2016,3,10,Wednesday,false,38.309976961410015,3631.0714285714284,0.09616575987400491,-0.7485590636372578,false
2016-03-10,37453.006182510246,35108.20010653677,892,41.987675092500275,39.35896872930132,2344.8060759734726,0.06260661866625934,0.0626066186662593,2016,3,10,Thursday,false,38.678006712149575,3538.214285714286,0.08556977625506912,-0.7478954274755224,false
2016-03-11,77997.04501286939,73051.67554254536,1855,42.04692453523956,39.380957165792644,4945.369470324033,0.0634045747439285,0.0634045747439285,2016,3,10,Friday,false,39.06671484221289,3287.3571428571427,0.0762851369782047,-0.43571692414662233,false
2016-03-12,79752.28267802928,74962.81639703603,1897,42.04126656722682,39.516508380092795,4789.466280993249,0.06005428459432277,0.06005428459432276,2016,3,10,Saturday,true,39.338321806519915,3067.3571428571427,0.06871022038003972,-0.3815522902452087,false
2016-03-13,37155.58848456025,34962.83050418418,883,42.07880915578737,39.59550453474992,2192.7579803760673,0.059015563198178196,0.05901556319817817,2016,3,10,Sunday,true,39.59120564510205,2802.214285714286,0.06283222423142013,-0.6848920496546099,false
2016-03-14,45046.51321443024,42368.045353504094,1071,42.06023642803944,39.5593327296957,2678.4678609261464,0.059460048509772864,0.05946004850977287,2016,3,11,Monday,false,39.8035089622233,2618.714285714286,0.05669669646356946,-0.5910206753586821,false
2016-03-15,55489.33275780024,52263.05698822664,1320,42.03737330136382,39.59322499108079,3226.2757695736,0.05814227004054354,0.058142270040543606,2016,3,11,Tuesday,false,40.07981929182786,2390.214285714286,0.04884138811312206,-0.44774825927143413,false
2016-03-16,41893.30315800024,39495.45590150327,997,42.01936124172542,39.614298797896964,2397.8472564969707,0.05723700629318986,0.057237006293189854,2016,3,11,Wednesday,false,40.34539750932718,2147.4285714285716,0.041490822639961594,-0.5357237892496008,false
2016-03-17,34348.504189710126,32292.83760206842,817,42.04223279034287,39.52611701599562,2055.6665876417064,0.059847339385961616,0.05984733938596166,2016,3,11,Thursday,false,40.599465643172756,1900.7142857142858,0.03553660434476021,-0.5701615933859452,false
2016-03-18,78276.83121693452,73746.75871153858,1866,41.9489985085394,39.52130691936687,4530.072505395932,0.05787245644680479,0.05787245644680479,2016,3,11,Friday,false,40.84812838693824,1718.7857142857142,0.026950319759403544,0.08565016830819104,false
2016-03-19,92851.40266007879,87451.56617578123,2211,41.99520699234681,39.552947162271025,5399.836484297557,0.058155680254674304,0.05815568025467432,2016,3,11,Saturday,true,41.074506041258736,1590.2857142857142,0.02241538705695552,0.3903162055335969,false
2016-03-20,54845.78929827025,51625.51171778529,1304,42.059654369839144,39.59011634799485,3220.277580484959,0.058715128758052564,0.058715128758052564,2016,3,11,Sunday,true,41.28012173568824,1470.4285714285713,0.018883971300815428,-0.11318371708928392,false
2016-03-21,48037.79990238025,45187.64157572069,1143,42.0278214369031,39.534244598180834,2850.1583266595553,0.059331574977444616,0.05933157497744459,2016,3,12,Monday,false,41.470780704147444,1429.142857142857,0.013432125542308647,-0.2002199120351859,false
2016-03-22,65905.72326216001,62023.88129770006,1573,41.89810760467896,39.43031233165929,3881.841964459949,0.05889992207533699,0.05889992207533699,2016,3,12,Tuesday,false,41.765817293040904,1339.0,0.0031674302147584495,0.17475728155339806,false
2016-03-23,84870.05130086976,81472.82717598933,2065,41.09929845078439,39.45415359612074,3397.224124880435,0.04002853860470825,0.04002853860470824,2016,3,12,Wednesday,false,42.01698235937091,1338.7142857142858,-0.021840785726532554,0.5425248105858499,false
2016-03-24,262459.5056813039,259298.45661843685,6588,39.839026363282315,39.359207136981915,3161.049062867067,0.012043949616766506,0.01204394961676638,2016,3,12,Thursday,false,41.953069033951245,1421.0,-0.05039065601989939,3.6361717100633357,true
2016-03-25,228124.39802927393,222208.35038080392,5652,40.36171231940445,39.31499475951945,5916.047648470005,0.025933427987438817,0.02593342798743879,2016,3,12,Friday,false,41.79959412472139,1827.857142857143,-0.03439942026773269,2.092145369284877,false
2016-03-26,162929.49214412636,161434.81509850454,4103,39.70984453914851,39.34555571496576,1494.677045621822,0.009173766062559383,0.009173766062559407,2016,3,12,Saturday,true,41.679221823590304,2099.0714285714284,-0.04725081703246028,0.9546738353693811,false
2016-03-27,58359.83218482013,57681.56988493392,1466,39.80888962129613,39.34622775234237,678.2622998862134,0.011622074198880837,0.011622074198880799,2016,3,12,Sunday,true,41.51269167872757,2256.6428571428573,-0.041042919370716725,-0.3503624220555187,false
2016-03-28,85605.33192059916,85022.38092018059,2162,39.59543567095243,39.325800610629315,582.9510004185722,0.0068097510673666,0.006809751067366707,2016,3,13,Monday,false,41.35055456912105,2298.285714285714,-0.04244486963856275,-0.05929885629040276,false
2016-03-29,84836.41434212928,84595.21793480593,2155,39.36724563439874,39.25532154747375,241.19640732335392,0.0028430763981921047,0.0028430763981921892,2016,3,13,Tuesday,false,41.17449737218626,2376.214285714286,-0.04389250271718755,-0.09309525956653743,false
2016-03-30,64308.91421652049,68427.59466606575,1746,36.83213872652949,39.19106223715106,-4118.68044954526,-0.06404524939852274,-0.06404524939852264,2016,3,13,Wednesday,false,40.983773967403046,2435.8571428571427,-0.10129948608870445,-0.28320919594158694,false
2016-03-31,131168.4855229476,138589.10006426295,3554,36.90728348985582,38.9952448126795,-7420.614541315357,-0.05657315102580139,-0.05657315102580142,2016,3,13,Thursday,false,40.61325807346048,2489.3571428571427,-0.09125036402894252,0.4276778284697714,true
2016-04-01,232410.19797781546,245358.62998053385,6282,36.99621107574267,39.05740687369211,-12948.432002718386,-0.055713699809138185,-0.05571369980913811,2016,4,13,Friday,false,40.24647598056855,2684.8571428571427,-0.08075899381588442,1.3397892944556775,true
2016-04-02,195831.0974571179,205442.82809681172,5259,37.237326004395875,39.06499868735724,-9611.730639693822,-0.04908173811260262,-0.049081738112602566,2016,4,13,Saturday,true,39.89270544965449,3000.285714285714,-0.0665630323972328,0.7528330635177602,true
2016-04-03,90716.54788913988,95543.13364619676,2446,37.087713773156125,39.06097041954079,-4826.585757056877,-0.05320513036888489,-0.053205130368884974,2016,4,13,Sunday,true,39.552856807657996,3218.0,-0.06232528402410074,-0.2399005593536358,false
2016-04-04,131638.01960717636,130700.18894200736,3345,39.353668043998915,39.07330013213972,937.8306651690073,0.007124314601264942,0.007124314601264926,2016,4,14,Monday,false,39.19771819360921,3299.5714285714284,0.003978544098394208,0.013768021821015755,false
2016-04-05,81910.87261898941,79969.51054529301,2048,39.99554327099092,39.047612570943855,1941.362073696393,0.023700908214306177,0.023700908214306177,2016,4,14,Tuesday,false,39.006707236973206,3456.8571428571427,0.02535041032841731,-0.4075543433341598,false
2016-04-06,54821.90851370989,50800.008514759305,1303,42.073605919961544,38.986959719692486,4021.899998950583,0.0733630059220719,0.0733630059220719,2016,4,14,Wednesday,false,38.870809784566916,3490.785714285714,0.08239592005274486,-0.626731599517096,false
2016-04-07,155615.4194144664,171592.12587915736,4413,35.262954773275865,38.88332786747278,-15976.706464690971,-0.10266788808465427,-0.10266788808465434,2016,4,14,Thursday,false,38.94040317522242,3436.3571428571427,-0.09443786150335746,0.28420877590471644,true
2016-04-08,264086.89378035,291378.5798027745,7494,35.2397776595076,38.88158257309507,-27291.68602242449,-0.10334358374150861,-0.10334358374150869,2016,4,14,Friday,false,38.61354091879339,3281.0,-0.08737254286989675,1.2840597378847913,true
2016-04-09,272761.2975426888,298164.41609707446,7738,35.24958613888457,38.532491095512334,-25403.11855438567,-0.09313314895933844,-0.09313314895933843,2016,4,14,Saturday,true,38.247688443086474,3412.5714285714284,-0.07838649670719733,1.2674983255190893,true
2016-04-10,104689.42791845855,113609.3042530743,2958,35.3919634612774,38.40747270218874,-8919.87633461575,-0.08520321977080002,-0.08520321977080002,2016,4,14,Sunday,true,37.929098557353335,3672.214285714286,-0.06689152109005396,-0.19449145124584236,false
2016-04-11,131170.59693377637,142022.81259344588,3713,35.327389424663714,38.2501515199154,-10852.215659669513,-0.08273359970411992,-0.08273359970411985,2016,4,15,Monday,false,37.61360383163771,3778.785714285714,-0.060781583631478744,-0.01740922064911251,false
2016-04-12,123179.48940038879,132714.9602041004,3504,35.15396386997397,37.875274030850576,-9535.470803711622,-0.0774111895586533,-0.07741118955865332,2016,4,15,Tuesday,false,37.30874338547424,3889.5714285714284,-0.057755349550025495,-0.09912954052962131,false
2016-04-13,124431.0463716888,132889.05689693728,3534,35.209690540941935,37.60301553393811,-8458.01052524848,-0.06797347424037165,-0.06797347424037176,2016,4,15,Wednesday,false,37.007794688015316,3985.9285714285716,-0.048587173654410794,-0.11338100102145049,false
2016-04-14,162166.83599087514,172225.65270563864,4601,35.24599782457621,37.432221844303115,-10058.816714763496,-0.06202758198556386,-0.06202758198556389,2016,4,15,Thursday,false,36.89190553190191,4113.642857142857,-0.04461433161543858,0.11847337257557612,false
2016-04-15,354042.0232398288,373200.30598406313,10045,35.245597136866984,37.1528428057803,-19158.28274423431,-0.05411301903914511,-0.05411301903914504,2016,4,15,Friday,false,36.77324227009624,4188.428571428572,-0.04154230192727737,1.3982741566902008,false
2016-04-16,327352.26139595883,345338.62806920626,9301,35.19538344220609,37.12919342750309,-17986.366673247423,-0.05494498983005793,-0.054944989830057946,2016,4,15,Saturday,true,36.6481984173194,4457.214285714285,-0.03964219355532451,1.0867293793368697,false
2016-04-17,164809.30304825393,175167.42875982972,4678,35.230718907279595,37.444939880254324,-10358.12571157579,-0.06284915669198038,-0.06284915669198032,2016,4,15,Sunday,true,36.50234537716299,4745.928571428572,-0.0348368428588417,-0.01431302018271303,false
2016-04-18,151157.79430871515,159828.76503430534,4294,35.20209462243017,37.22141710160814,-8670.970725590189,-0.057363702382962435,-0.05736370238296261,2016,4,16,Monday,false,36.369702886743234,4905.357142857143,-0.03210387139947356,-0.12463050600655265,false
2016-04-19,126895.93649753758,133726.28056152482,3606,35.19022088118069,37.084381741964734,-6830.344063987242,-0.05382634190275892,-0.05382634190275899,2016,4,16,Tuesday,false,36.07316192805975,4973.142857142857,-0.02447639740147793,-0.27490520510168903,false
2016-04-20,166395.44582884014,179020.54245850776,4838,34.39343650864823,37.003005882287674,-12625.09662966762,-0.07587405152094254,-0.07587405152094263,2016,4,16,Wednesday,false,35.72992461450188,5084.428571428572,-0.03740528759221638,-0.04846730915118993,false
2016-04-21,167796.35478000136,182485.09893705396,4914,34.14659234432262,37.13575476944525,-14688.744157052599,-0.08753911356603118,-0.08753911356603118,2016,4,16,Thursday,false,35.181341085122355,5336.928571428572,-0.02941186176775149,-0.07924568705916996,false
2016-04-22,351146.0169992443,380098.15640387445,10269,34.19476258635157,37.0141353981765,-28952.139404630172,-0.08245042803573216,-0.08245042803573216,2016,4,16,Friday,false,35.1016009116257,5372.714285714285,-0.025834671403086453,0.9113244170278392,false
2016-04-23,420738.8217596446,455415.3493280298,12317,34.15919637571199,36.974535140702265,-34676.52756838518,-0.08241817910540909,-0.0824181791054091,2016,4,16,Saturday,true,35.02695697782884,5570.928571428572,-0.024774079080466964,1.210942007616068,false
2016-04-24,186166.15078643878,202391.17869529044,5453,34.14013401548483,37.11556550436281,-16225.027908851655,-0.087153480051614,-0.08715348005161383,2016,4,16,Sunday,true,34.94907199474509,5898.0,-0.02314619339197013,-0.0754493048491014,false
2016-04-25,251449.52963919108,273255.0985307931,7372,34.10872621258696,37.06661672962468,-21805.568891602015,-0.08671946582239057,-0.08671946582239075,2016,4,17,Monday,false,34.8596556057599,6076.214285714285,-0.021541503498068465,0.2132554339520614,false
2016-04-26,280321.8107467659,302469.8319752347,8211,34.13978939797417,36.83714918709471,-22148.021228468744,-0.07900926855982884,-0.07900926855982889,2016,4,17,Tuesday,false,34.7726082334687,6337.571428571428,-0.018198773909788083,0.2956066992764241,false
2016-04-27,313434.9333136646,337931.1169661971,9182,34.13580192917279,36.803650290372154,-24496.18365253252,-0.0781539676945275,-0.07815396769452754,2016,4,17,Wednesday,false,34.70016719975443,6673.785714285715,-0.01626405046790764,0.3758308092429869,false
2016-04-28,257324.60308093973,276852.1799425774,7520,34.218697218210075,36.815449460449116,-19527.576861637644,-0.07588694057169254,-0.07588694057169233,2016,4,17,Thursday,false,34.62346087034234,7077.214285714285,-0.011690444627936617,0.06256497209353969,false
2016-04-29,455554.3360482295,489215.06753789564,13321,34.19820854652274,36.72510078356697,-33660.731489666156,-0.0738896083871376,-0.07388960838713766,2016,4,17,Friday,false,34.55008225560191,7285.714285714285,-0.01018445358468321,0.828372549019608,false
2016-04-30,556865.2032750524,598925.6678887007,16276,34.21388567676655,36.798087238185104,-42060.464613648364,-0.07553078261360396,-0.07553078261360396,2016,4,17,Saturday,true,34.475268784863026,7519.714285714285,-0.0075817569321240275,1.1644439378395837,false
2016-05-01,354856.0449220869,380511.1591581091,10388,34.16018915306959,36.62987669985648,-25655.11423602223,-0.07229724448305547,-0.07229724448305552,2016,5,17,Sunday,true,34.405161801617346,8017.928571428572,-0.0071202295155677045,0.29559647575522713,false
2016-05-02,283284.5812539708,304997.8518168963,8298,34.13889868088344,36.75558590225311,-21713.270562925492,-0.07664826114718568,-0.07664826114718566,2016,5,18,Monday,false,34.328695390602356,8425.785714285714,-0.005528806369113291,-0.015166029450411516,false
2016-05-03,297500.67396872584,319786.3594685611,8717,34.12879132370378,36.68536875858221,-22285.685499835236,-0.07490969752282972,-0.07490969752282978,2016,5,18,Tuesday,false,34.25275282334901,8711.785714285714,-0.0036190229814385185,5.985323658427194E-4,false
2016-05-04,285968.4877825197,305506.9982349475,8364,34.190397869741716,36.52642255319793,-19538.510452427785,-0.06832399822768902,-0.06832399822768905,2016,5,18,Wednesday,false,34.17693642638638,9076.857142857143,3.9387507374533E-4,-0.07853567943592814,false
2016-05-05,237946.63267226366,254527.4155055261,6968,34.14848344894714,36.52804470515587,-16580.782833262434,-0.06968277990342488,-0.06968277990342489,2016,5,18,Thursday,false,34.16243366646449,9328.714285714286,-4.083496408232125E-4,-0.253058911808395,false
2016-05-06,340851.5058648595,364361.03286413854,9973,34.177429646531586,36.53474710359356,-23509.52699927904,-0.06897292983825067,-0.06897292983825075,2016,5,18,Friday,false,34.162568745366244,9475.42857142857,4.3500537901903846E-4,0.05251175973947663,false
2016-05-07,388187.60143352806,414644.62349081144,11363,34.16242202178369,36.490770350331026,-26457.02205728338,-0.06815524751326657,-0.06815524751326654,2016,5,18,Saturday,true,34.16133067823625,9454.285714285714,3.194675165680354E-5,0.20188878815352077,false
2016-05-08,139178.98405924515,148731.09052730413,4074,34.16273540973126,36.50738599099267,-9552.106468058977,-0.06863181630922723,-0.06863181630922713,2016,5,18,Sunday,true,34.16156108152709,9386.142857142857,3.437571840963351E-5,-0.5659558924250034,false
2016-05-09,66400.30304726951,57741.73890751255,1579,42.05212352581983,36.56854902312384,8658.564139756963,0.1303994672071458,0.1303994672071458,2016,5,19,Monday,false,34.163175466830396,9287.642857142857,0.23091963645618796,-0.8299891560983488,false
2016-05-10,42723.52445781024,37112.98505699026,1016,42.05071304902583,36.52852859939986,5610.53940081998,0.13132201689868597,0.13132201689868606,2016,5,19,Tuesday,false,34.73056098920417,8873.857142857143,0.2107697615969144,-0.8855063831157333,false
2016-05-11,35014.39948113025,30393.74011981647,832,42.08461476097386,36.53093764401018,4620.6593613137775,0.13196454686603767,0.1319645468660377,2016,5,19,Wednesday,false,35.29562696427929,8359.92857142857,0.1923464287393255,-0.9004776185715873,false
2016-05-12,27210.406631640122,23570.159155417456,647,42.05626990979926,36.429921414864694,3640.2474762226666,0.13378144345662976,0.13378144345662973,2016,5,19,Thursday,false,35.86339930940794,7763.5,0.1726794090811901,-0.9166612996715399,false
2016-05-13,79840.0882456494,69078.71414454262,1898,42.065378422365335,36.395529054026674,10761.374101106776,0.13478660078626828,0.13478660078626828,2016,5,19,Friday,false,36.42322593023574,7272.571428571428,0.15490534811321913,-0.7390194075587334,false
2016-05-14,82484.44829204916,71426.0116447103,1961,42.06244176035143,36.42325938027042,11058.43664733885,0.13406692869163309,0.1340669286916332,2016,5,19,Saturday,true,36.98516663565306,6456.642857142857,0.13727868728334913,-0.6962817917316606,false
2016-05-15,51497.23733643001,44611.939679509764,1224,42.07290632061275,36.44766313685438,6885.297656920244,0.13370227245276844,0.13370227245276847,2016,5,19,Sunday,true,37.54577778448055,5434.142857142857,0.12057623528586162,-0.7747574857383211,false
2016-05-16,42871.83286680037,37139.30825688985,1019,42.07245619901901,36.44681870156021,5732.524609910513,0.1337130751493888,0.1337130751493888,2016,5,20,Monday,false,38.11097186787649,4779.571428571428,0.10394603278227145,-0.7868009684072093,false
2016-05-17,39104.63910246025,33890.36043249631,930,42.04799903490349,36.44124777687775,5214.27866996394,0.13334169013302277,0.1333416901330227,2016,5,20,Tuesday,false,38.677654547743316,4259.642857142857,0.08713931924180807,-0.7816718370084682,false
2016-05-18,34406.750005710244,29884.330589367586,818,42.062041571772916,36.533411478444485,4522.419416342658,0.13143988942844367,0.13143988942844362,2016,5,20,Wednesday,false,39.24331224140044,3703.4285714285716,0.0718269985222809,-0.7791235920382658,false
2016-05-19,39403.658560350246,34229.631915798505,937,42.0529973963183,36.53109062518517,5174.026644551741,0.13130828033714823,0.13130828033714817,2016,5,20,Thursday,false,39.80557250583124,3164.4285714285716,0.056460056946997086,-0.7038959866371721,false
2016-05-20,96830.90242373844,83926.00349883473,2302,42.06381512760141,36.45786424797338,12904.898924903711,0.13327252562855418,0.1332725256285542,2016,5,20,Friday,false,40.370180644929185,2733.6428571428573,0.041952610952335614,-0.15790023777795203,false
2016-05-21,99380.3945973283,86179.5133871843,2363,42.05687456509873,36.470382305198605,13200.881210143998,0.13283184539195708,0.13283184539195705,2016,5,20,Saturday,true,40.93349389357702,2185.714285714286,0.0274440455643094,0.08111111111111108,false
2016-05-22,61656.18133406976,53463.73455783506,1466,42.057422465259044,36.46912316359827,8192.446776234705,0.13287308099484504,0.13287308099484493,2016,5,20,Sunday,true,41.497383360956675,1542.857142857143,0.013495769105029616,-0.04981481481481483,false
2016-05-23,69163.55736557952,59948.43870753554,1644,42.07029036835737,36.464987048379285,9215.118658043975,0.13323662068646058,0.13323662068646053,2016,5,21,Monday,false,42.06128957920866,1356.5714285714287,2.1399222988057875E-4,0.2118786857624262,false
2016-05-24,113112.86502110964,117414.69892968478,3224,35.08463555245336,36.41895128091959,-4301.833908575136,-0.03803134071241417,-0.03803134071241407,2016,5,21,Tuesday,false,42.062587210818485,1361.2142857142858,-0.16589449487240276,1.3684735267880568,true
2016-05-25,253686.30245358607,268974.57069396524,7392,34.31903442283362,36.38725252894552,-15288.26824037917,-0.06026446084205228,-0.060264460842052246,2016,5,21,Wednesday,false,41.5650102467776,1518.9285714285713,-0.1743287390264925,3.8665882906183873,true
2016-05-26,210305.29194403623,223289.08457385484,6138,34.26283674552562,36.378149979448494,-12983.792629818607,-0.06173783127280358,-0.06173783127280361,2016,5,21,Thursday,false,41.01032593691043,1987.5,-0.16453146950758277,2.0883018867924528,true
2016-05-27,364087.4242999305,386499.8964291865,10624,34.27027713666514,36.379884829554456,-22412.472129256,-0.06155794084992316,-0.061557940849923325,2016,5,21,Friday,false,40.45365213946231,2379.714285714286,-0.15285084722339115,3.464401488774162,true
2016-05-28,397480.3694745255,421674.1018697652,11590,34.29511384594698,36.38257997150692,-24193.7323952397,-0.06086774153708306,-0.06086774153708314,2016,5,21,Saturday,true,39.89685919048373,3003.0,-0.14040567248142907,2.8594738594738596,true
2016-05-29,204028.17675735243,216777.31572566376,5959,34.23866030497607,36.378136554063396,-12749.138968311338,-0.062487148446528994,-0.062487148446529105,2016,5,21,Sunday,true,39.34205005374055,3690.785714285714,-0.12971844989758635,0.6145613593698593,true
2016-05-30,172797.9351344664,183715.80719950752,5048,34.230969717604275,36.3937811409484,-10917.872065041127,-0.06318288500696002,-0.06318288500696008,2016,5,22,Monday,false,38.78246105262365,4029.0,-0.1173595282889214,0.2529163564159841,true
2016-05-31,258970.65411018487,274386.0154347705,7542,34.33713260543422,36.38106807673966,-15415.361324585625,-0.059525514107196156,-0.05952551410719612,2016,5,22,Tuesday,false,38.222354875379736,4316.785714285715,-0.10164790428567011,0.747133283693224,true
2016-06-01,368789.5726219706,391923.65961429186,10761,34.27093881813685,36.42074710661573,-23134.086992321245,-0.06272977521529587,-0.06272977521529581,2016,6,22,Wednesday,false,37.67157870184622,4789.071428571428,-0.090270702765709,1.2469909168195445,true
2016-06-02,278071.38656924595,295548.24164090335,8120,34.24524465138497,36.397566704544744,-17476.855071657395,-0.06285024607271224,-0.06285024607271204,2016,6,22,Thursday,false,37.11507136230079,5499.285714285715,-0.07732240854131323,0.47655539680477976,true
2016-06-03,373959.36203922686,396324.1786662704,10896,34.320793138695564,36.373364415039504,-22364.816627043532,-0.059805473260748455,-0.05980547326074856,2016,6,22,Friday,false,36.55737473766269,6012.357142857143,-0.06118003863835777,0.8122675917455715,true
2016-06-04,402057.2528885355,426466.1321765913,11726,34.28767293949646,36.36927615355546,-24408.879288055818,-0.06070995887449598,-0.060709958874496046,2016,6,22,Saturday,true,36.004301738455126,6626.214285714285,-0.04767843607768641,0.7696379100326626,false
2016-06-05,205719.45323581624,218408.1820732757,6007,34.24662114796342,36.35894490981783,-12688.728837459465,-0.06167977134818831,-0.06167977134818827,2016,6,22,Sunday,true,35.44935876519782,7295.0,-0.03392833210893464,-0.17655928718300207,false
2016-06-06,177626.95012448638,188629.75422590197,5185,34.25784959006487,36.37989473980752,-11002.80410141559,-0.061943326132124034,-0.06194332613212423,2016,6,23,Monday,false,34.89144438539099,7619.357142857143,-0.018159030286272807,-0.3194963954589345,false
2016-06-07,70441.9074122394,60910.748400180244,1675,42.05487009685934,36.36462591055537,9531.15901205915,0.13530523749564305,0.13530523749564308,2016,6,23,Tuesday,false,34.33341290122724,7872.285714285715,0.22489629032353192,-0.7872282510071499,false
2016-06-08,162923.84958070016,173292.68113445412,4765,34.1917837525079,36.367823952666136,-10368.83155375396,-0.06364219591201117,-0.06364219591201133,2016,6,23,Wednesday,false,34.83128679725625,7761.642857142857,-0.01836001777570619,-0.38608357950728395,false
2016-06-09,138752.5276097676,143791.47808201626,3953,35.1005635238471,36.375279049333734,-5038.95047224866,-0.03631609858971635,-0.03631609858971639,2016,6,23,Thursday,false,34.82219746366155,7574.0,0.007993925727290307,-0.47808291523633484,false
2016-06-10,252458.26223048882,261502.381778564,7190,35.11241477475505,36.37028953804785,-9044.119548075192,-0.03582421691478693,-0.03582421691478701,2016,6,23,Friday,false,34.88203509068451,7417.928571428572,0.006604536790115957,-0.030726714234817206,false
2016-06-11,293917.852481117,311853.52053473576,8577,34.26814183060709,36.35927719887324,-17935.66805361875,-0.06102272421431441,-0.0610227242143143,2016,6,23,Saturday,true,34.94218777911951,7172.642857142857,-0.019290318991279826,0.19579354093430398,false
2016-06-12,138350.12182847515,143346.67460602426,3943,35.087527727231844,36.35472346082279,-4996.552777549106,-0.036115275588580784,-0.03611527558858072,2016,6,23,Sunday,true,34.94026120659523,6957.428571428572,0.004214808806547085,-0.43326762761282905,false
2016-06-13,130067.27556419636,134950.56648943006,3707,35.08693702837776,36.40425316682764,-4883.290925233698,-0.037544346985445134,-0.037544346985445065,2016,6,24,Monday,false,35.00089459389921,6813.428571428572,0.002458292437289517,-0.45592737031911773,false
2016-06-14,107168.66107649941,111173.15847846522,3054,35.09124462229843,36.40247494383275,-4004.497401965811,-0.03736630990572244,-0.03736630990572239,2016,6,24,Tuesday,false,35.06203511609731,6717.642857142857,8.330807411606746E-4,-0.5453762480461897,false
2016-06-15,224030.55444808622,237934.73415063298,6541,34.250199426400584,36.3758957576262,-13904.179702546768,-0.06206376508240412,-0.06206376508240414,2016,6,24,Wednesday,false,35.11590026015904,6397.071428571428,-0.02465267378437793,0.02249913464866738,false
2016-06-16,201918.22207274396,209095.56974137688,5749,35.12232076408836,36.37077226324176,-7177.347668632923,-0.0355458145132002,-0.035545814513200186,2016,6,24,Thursday,false,35.11441887503502,6095.642857142857,2.2503260217568782E-4,-0.056867317404703556,false
2016-06-17,329344.26830316125,341253.32963499136,9385,35.09262315430594,36.36156948694634,-11909.061331830104,-0.03615991677398138,-0.036159916773981435,2016,6,24,Friday,false,35.177067168799546,5926.285714285715,-0.0024005416394833456,0.5836226014849097,false
2016-06-18,308642.9772240819,327672.04148404143,9012,34.24800013582799,36.35952524234814,-19029.06425995956,-0.06165396806078637,-0.06165396806078641,2016,6,24,Saturday,true,35.23219788420029,5818.357142857143,-0.027934611164682814,0.5488908258344893,false
2016-06-19,134472.40662827637,139385.87617680742,3831,35.10112415251275,36.38367950321258,-4913.469548531051,-0.03653886824613329,-0.03653886824613329,2016,6,24,Sunday,true,35.229364112509685,5624.5,-0.0036401440453872774,-0.3188727886923282,false
2016-06-20,143809.72058396638,148953.9108532149,4097,35.101225429330334,36.35682471398948,-5144.190269248531,-0.03577081054298402,-0.03577081054298401,2016,6,25,Monday,false,35.29040004140607,5469.071428571428,-0.005360511976451986,-0.250878315723484,false
2016-06-21,123252.15105584757,127533.0092765032,3509,35.1245799532196,36.344545248362266,-4280.858220655631,-0.03473252340006548,-0.034732523400065295,2016,6,25,Tuesday,false,35.350641172782176,5391.357142857143,-0.0063948265735170665,-0.3491434703692418,false
2016-06-22,40067.15121186024,34559.084522627534,953,42.043180704995,36.26346749488724,5508.066689232706,0.13747088381971784,0.1374708838197177,2016,6,25,Wednesday,false,34.855620448236486,5522.357142857143,0.2062095055066555,-0.8274287635973252,false
2016-06-23,143752.73676064878,155659.53374373456,4305,33.392041059384155,36.15784755952022,-11906.796983085776,-0.08282831514304201,-0.0828283151430419,2016,6,25,Thursday,false,35.41643451627128,5250.071428571428,-0.05715971933755962,-0.18001115631079848,false
2016-06-24,389904.00855466264,422372.5815807003,11667,33.41938875072106,36.20232978320907,-32468.57302603766,-0.08327324755237986,-0.08327324755237979,2016,6,25,Friday,false,35.29439719738106,5275.214285714285,-0.0531248185419959,1.2116637103435204,true
2016-06-25,461280.78558277444,498910.32902054384,13793,33.443107778059485,36.17127013851547,-37629.543437769404,-0.08157622128185736,-0.08157622128185728,2016,6,25,Saturday,true,35.17346676709292,5595.0,-0.04919500828540159,1.4652368185880251,false
2016-06-26,221578.6968235614,240449.62229152222,6641,33.36526077752769,36.206839676482794,-18870.925467960828,-0.08516579318537722,-0.08516579318537736,2016,6,25,Sunday,true,35.114535763339525,5967.571428571428,-0.049816264056611145,0.11284801187369835,false
2016-06-27,253702.2229766188,274426.0802778933,7593,33.41264625004857,36.141983442367085,-20723.85730127449,-0.08168575370813523,-0.0816857537081353,2016,6,26,Monday,false,34.991516695503506,6160.285714285715,-0.04512152071584332,0.2325727007096145,false
2016-06-28,200616.07618333894,217104.57971570615,6007,33.39704947283818,36.141931033079096,-16488.503532367205,-0.08218934317755622,-0.08218934317755622,2016,6,26,Tuesday,false,34.871924497051424,6437.857142857143,-0.04229405303793757,-0.06692555198047269,false
2016-06-29,211700.81315721016,229023.8107396958,6345,33.36498237308277,36.0951632371467,-17322.997582485637,-0.08182773284683365,-0.0818277328468337,2016,6,26,Wednesday,false,34.75091055780426,6648.785714285715,-0.03988178043323948,-0.04569040533717226,false
2016-06-30,282757.71144459763,305894.1800948237,8482,33.33620743275143,36.0639212561688,-23136.468650226074,-0.08182435956219478,-0.08182435956219491,2016,6,26,Thursday,false,34.68768076828156,6634.785714285715,-0.038961190416798304,0.2784135562565267,false
2016-07-01,479010.156707742,517742.1925975364,14344,33.394461566351225,36.094687158222,-38732.03588979441,-0.08085848566552618,-0.0808584856655262,2016,7,26,Friday,false,34.560101244614636,6830.0,-0.03372790114279678,1.100146412884334,false
2016-07-02,454543.2857587894,490487.0246492626,13609,33.40019735166356,36.04137149307536,-35943.73889047321,-0.07907660285966103,-0.07907660285966107,2016,7,26,Saturday,true,34.43880398833216,7184.214285714285,-0.030158034437563014,0.8942920490360812,false
2016-07-03,242185.1807025776,261534.91203924708,7259,33.36343583173682,36.02905524717552,-19349.731336669473,-0.07989642999846659,-0.07989642999846674,2016,7,26,Sunday,true,34.37824664660614,7512.571428571428,-0.02951898115401698,-0.0337529474404807,false
2016-07-04,281531.68555597885,304052.47699526703,8431,33.39244283667167,36.06363147850398,-22520.79143928818,-0.07999380742815258,-0.07999380742815265,2016,7,27,Monday,false,34.254126052264986,7757.428571428572,-0.025155603569583396,0.08682921439357665,false
2016-07-05,219363.22013563893,237026.35054084624,6577,33.35308197288109,36.03867272933651,-17663.13040520731,-0.08052001786938422,-0.0805200178693841,2016,7,27,Tuesday,false,34.132070152789375,8067.0,-0.022822763940810103,-0.18470311144167598,false
2016-07-06,204005.58223455393,219722.8949500477,6098,33.454506761979985,36.031960470653935,-15717.312715493754,-0.07704354235475228,-0.07704354235475223,2016,7,27,Wednesday,false,34.00553458276519,8286.142857142857,-0.016204062884060115,-0.26407254797165663,false
2016-07-07,69579.06845546977,59598.917800192394,1654,42.067151424105056,36.03320302309093,9980.150655277372,0.14343610624313854,0.14343610624313852,2016,7,27,Thursday,false,33.392057872549834,8653.642857142857,0.2597951160921604,-0.808866620993636,false
2016-07-08,87184.74002870891,74654.52041929681,2073,42.05727931920352,36.01279325581129,12530.219609412103,0.14372033001745543,0.14372033001745546,2016,7,27,Friday,false,34.01170861288704,8464.285714285714,0.23655297056343752,-0.7550886075949367,false
2016-07-09,78700.43604833915,67367.38324040257,1871,42.063300934441024,36.006084040835155,11333.052807936576,0.14400241443358233,0.14400241443358236,2016,7,27,Saturday,true,34.628700796350074,7779.0,0.21469474647095538,-0.7594806530402365,false
2016-07-10,39809.55909060037,34091.5696624407,946,42.08198635370018,36.03760006600497,5717.989428159672,0.14363357843643573,0.14363357843643568,2016,7,27,Sunday,true,35.24442887894876,6927.428571428572,0.1940039232366578,-0.8634413923946218,false
2016-07-11,45839.23877019025,39231.195372207745,1090,42.054347495587386,35.99192235982362,6608.043397982503,0.14415691829245178,0.14415691829245184,2016,7,28,Monday,false,35.86705213438965,6520.642857142857,0.17250638100992133,-0.8328385676258914,false
2016-07-12,36851.76374685037,31574.325469600975,876,42.06822345530864,36.04375053607417,5277.438277249392,0.14320721020307858,0.14320721020307867,2016,7,28,Tuesday,false,36.48431650907099,6056.142857142857,0.1530495149840435,-0.8553534781685656,false
2016-07-13,33225.67047177012,28489.081398148788,790,42.057810723759644,36.06212835208707,4736.589073621333,0.1425581186584551,0.14255811865845508,2016,7,28,Wednesday,false,37.10368607924745,5689.642857142857,0.13352109097546225,-0.8611512146130187,false
2016-07-14,30423.391456740123,26053.796718671532,723,42.07937960821594,36.035680108812635,4369.59473806859,0.14362615503540557,0.1436261550354055,2016,7,28,Thursday,false,37.72460239001009,5292.857142857143,0.11543600044301704,-0.8634008097165992,false
2016-07-15,80345.63765943915,68788.09453638473,1910,42.065778879287514,36.01470918135326,11557.54312305442,0.14384779883188367,0.1438477988318837,2016,7,28,Friday,false,38.34911468825755,4738.642857142857,0.09691655781999059,-0.5969310079739527,false
2016-07-16,95297.33862663868,81655.85773085873,2266,42.055312721376296,36.03524171706034,13641.480895779954,0.14314650432395937,0.14314650432395945,2016,7,28,Saturday,true,38.96849449632443,3850.5,0.07921317630946759,-0.41150499935073365,false
2016-07-17,45324.05452767025,38809.808900032534,1078,42.044577483924165,36.00167801487248,6514.2456276377125,0.14372601250095085,0.1437260125009509,2016,7,28,Sunday,true,39.586717022732486,3040.285714285714,0.06208800946489864,-0.6454280612724368,false
2016-07-18,51604.118408790244,44222.78447663398,1227,42.05714621743296,36.04138914151098,7381.333932156267,0.14303769078436443,0.14303769078436437,2016,7,29,Monday,false,40.20679856931729,2598.785714285714,0.046020765491329295,-0.527856416458236,false
2016-07-19,37870.119032340364,32436.795965171274,900,42.07791003593374,36.04088440574586,5433.323067169091,0.1434725637521534,0.14347256375215353,2016,7,29,Tuesday,false,40.82570595365739,2084.214285714286,0.030671951728104063,-0.5681825970732376,false
2016-07-20,42723.52445781024,36607.39065637653,1016,42.05071304902583,36.030896315331226,6116.133801433716,0.14315611549027135,0.1431561154902714,2016,7,29,Wednesday,false,41.44890795816116,1678.7142857142858,0.014519202567945564,-0.394774912773381,false
2016-07-21,35169.91580985013,30133.31863966587,836,42.069277284509724,36.04463952113142,5036.597170184257,0.143207541280882,0.1432075412808821,2016,7,29,Thursday,false,42.06292269295013,1315.7142857142858,1.5107346691002624E-4,-0.3646036916395223,false
2016-07-22,61148.20501127964,52384.44748299273,1454,42.05516163086633,36.027818076336125,8763.757528286915,0.1433199474403266,0.14331994744032667,2016,7,29,Friday,false,42.06307454012189,1257.2857142857142,-1.8812008732293817E-4,0.15645949323940467,false
2016-07-23,77171.70180014952,66113.83203755615,1835,42.05542332433216,36.02933626024858,11057.869762593371,0.14328917860629511,0.1432891786062952,2016,7,29,Saturday,true,42.062923276669245,1213.0714285714287,-1.7830316470764264E-4,0.5126891597479831,false
2016-07-24,40881.354912270246,35019.112638998406,972,42.05900711138914,36.02789366152099,5862.2422732718405,0.1433964770945576,0.14339647709455766,2016,7,29,Sunday,true,42.06236059023289,1210.5,-7.972635859452819E-5,-0.1970260223048327,false
2016-07-25,43085.59501152025,36887.36617189064,1024,42.075776378437745,36.02281852723695,6198.2288396296135,0.1438584946540097,0.1438584946540097,2016,7,30,Monday,false,42.06071921578211,1212.357142857143,3.579863334811279E-4,-0.15536440228598364,false
2016-07-26,43894.99343211024,37604.658419582855,1044,42.045012866005976,36.01978775822113,6290.335012527386,0.1433041565949035,0.1433041565949034,2016,7,30,Tuesday,false,42.062249850271414,1207.642857142857,-4.097970110204745E-4,-0.1355060034305317,false
2016-07-27,67780.72888646953,58196.145986195355,1611,42.07369887428276,36.124237111232375,9584.582900274174,0.14140572191733186,0.14140572191733186,2016,7,30,Wednesday,false,42.06059195103551,1219.642857142857,3.1162003764730983E-4,0.32087847730600294,false
2016-07-28,51907.94314650024,44544.63074310132,1234,42.06478374918982,36.09775586961209,7363.3124033989225,0.14185328789887477,0.14185328789887483,2016,7,30,Thursday,false,42.06172681893002,1278.2857142857142,7.267724106911105E-5,-0.034644613321412554,false
2016-07-29,93508.63388636916,80346.69413385824,2223,42.06416279188896,36.14336218347199,13161.939752510923,0.1407564115256479,0.14075641152564788,2016,7,30,Friday,false,42.060684257571005,1314.7857142857142,8.270275149720784E-5,0.690769815830934,false
2016-07-30,95343.59551217893,81874.28886350773,2267,42.05716608389013,36.11569866056803,13469.306648671205,0.1412712262036591,0.1412712262036591,2016,7,30,Saturday,true,42.06056882275682,1337.142857142857,-8.090092364249982E-5,0.695405982905983,false
2016-07-31,59514.99233063988,51145.403341245634,1415,42.0600652513356,36.14516137190504,8369.588989394244,0.14062992637042415,0.14062992637042415,2016,7,30,Sunday,true,42.06070120579353,1337.2142857142858,-1.5119920488611815E-5,0.05816996955290845,false
2016-08-01,65133.96620015976,55946.05655907712,1548,42.07620555565876,36.140863410256536,9187.909641082639,0.1410617251964629,0.14106172519646296,2016,8,31,Monday,false,42.06180747489435,1361.2857142857142,3.423077045132276E-4,0.1371602476650226,false
2016-08-02,70641.25371749989,60629.552999890904,1679,42.073409003871284,36.11051399636147,10011.700717608983,0.14172597725468727,0.14172597725468725,2016,8,31,Tuesday,false,42.063168856196185,1384.2142857142858,2.434468907967203E-4,0.21296248516435312,false
2016-08-03,48442.17147996025,41610.78393994882,1152,42.050496076354385,36.120472170094466,6831.387540011427,0.14102149699951957,0.14102149699951955,2016,8,31,Wednesday,false,42.062847353906015,1439.857142857143,-2.9363864618364667E-4,-0.19992062704633398,false
2016-08-04,46291.371916890246,39783.36066805456,1101,42.04484279463237,36.133842568623585,6508.011248835683,0.14058799684139664,0.1405879968413965,2016,8,31,Thursday,false,42.062831855858065,1449.5714285714287,-4.2767118693616654E-4,-0.24046516211688188,false
2016-08-05,73453.14329216964,63386.49259136123,1746,42.06938332884859,36.30383309929051,10066.650700808408,0.13704860336292168,0.13704860336292168,2016,8,31,Friday,false,42.06108653515253,1468.5,1.972558100495158E-4,0.18896833503575078,false
2016-08-06,71508.89795408952,61500.57464854112,1700,42.06405762005266,36.1768086167889,10008.323305548402,0.13995913224636733,0.13995913224636725,2016,8,31,Saturday,true,42.0621023707227,1489.357142857143,4.648482172210419E-5,0.14143206560836408,false
2016-08-07,30066.126182850126,25872.488354075816,715,42.050526129860316,36.185298397308834,4193.63782877431,0.13948048389307907,0.13948048389307904,2016,8,31,Sunday,true,42.06271910613129,1479.7142857142858,-2.8987608338417495E-4,-0.516798609770226,false
2016-08-08,37726.61590317024,32490.136024940544,897,42.058657640100606,36.220887430257015,5236.479878229697,0.13880067832401752,0.13880067832401763,2016,8,32,Monday,false,42.06211332173638,1461.357142857143,-8.215663367518007E-5,-0.3861870081626668,false
2016-08-09,30831.694626900247,26577.079448522585,733,42.06233919085982,36.257952862923034,4254.615178377662,0.13799485334372658,0.13799485334372658,2016,8,32,Tuesday,false,42.06089055471231,1452.2857142857142,3.444140455427422E-5,-0.49527837891009246,false
2016-08-10,146811.45511516015,155135.62911183573,4282,34.28572048462404,36.22971254363282,-8324.173996675585,-0.05669975813635273,-0.056699758136352744,2016,8,32,Wednesday,false,42.06212814934471,1430.0714285714287,-0.18487908260632824,1.9942560311672743,true
2016-08-11,99867.32961908735,103826.70141247108,2867,34.83339017059203,36.21440579437429,-3959.3717933837324,-0.039646316853424596,-0.03964631685342449,2016,8,32,Thursday,false,41.50584397865481,1620.857142857143,-0.16075938153418146,0.7688172043010753,true
2016-08-12,210664.86278147745,220379.2766765564,6082,34.6374322231959,36.23467225855909,-9714.413895078935,-0.04611311904043386,-0.046113119040433664,2016,8,32,Friday,false,40.98931586589782,1737.5,-0.1549643732401629,2.500431654676259,true
2016-08-13,266271.0390730934,281658.41831912263,7771,34.26470712560718,36.24480997543722,-15387.379246029246,-0.05778840725447913,-0.0577884072544791,2016,8,32,Saturday,true,40.458835110991174,2013.142857142857,-0.15309704217611733,2.8601334090263983,true
2016-08-14,123084.03906941514,129601.52722661885,3576,34.419474012699986,36.24203781505002,-6517.488157203712,-0.052951529755438674,-0.0529515297554387,2016,8,32,Sunday,true,39.90223089968525,2406.285714285714,-0.13740477069487642,0.48610781287105204,true
2016-08-15,162727.52477714515,168580.17057143938,4649,35.00269407983333,36.261598316076444,-5852.645794294222,-0.03596592403349957,-0.03596592403349959,2016,8,33,Monday,false,39.35647438263986,2560.6428571428573,-0.11062424597481169,0.8155597087784874,true
2016-08-16,114708.94599404662,119758.06170346799,3302,34.739232584508365,36.268340915647485,-5049.11570942137,-0.044016756196883014,-0.04401675619688306,2016,8,33,Tuesday,false,38.85122356293804,2782.1428571428573,-0.10583942026351753,0.18685494223363278,true
2016-08-17,122318.90746898638,128298.34345694912,3536,34.59245120729253,36.28346817221412,-5979.435987962745,-0.04888398786163794,-0.04888398786163805,2016,8,33,Wednesday,false,38.32735381869783,2898.0714285714284,-0.09744744260385771,0.22012175584748483,true
2016-08-18,112010.34453149686,117374.19157936038,3236,34.613827111092974,36.27138182304091,-5363.847047863528,-0.04788706855870117,-0.04788706855870116,2016,8,33,Thursday,false,37.79463632805055,3068.3571428571427,-0.08416033400477077,0.05463603138021749,false
2016-08-19,229861.47028057987,241090.13355630502,6646,34.58643850144145,36.27597555767454,-11228.66327572515,-0.048849697437412666,-0.04884969743741259,2016,8,33,Friday,false,37.26384949351203,3220.8571428571427,-0.07185009140123177,1.0634258848576246,true
2016-08-20,249981.24969419473,262145.17733741977,7220,34.623441785899544,36.308196307121854,-12163.927643225034,-0.04865936008442762,-0.04865936008442779,2016,8,33,Saturday,true,36.729353434411514,3570.8571428571427,-0.05733593030088447,1.0219235077612419,true
2016-08-21,136480.24911670017,143734.2272151709,3958,34.482124587342135,36.31486286386329,-7253.978098470718,-0.053150387293534745,-0.053150387293534856,2016,8,33,Sunday,true,36.19788087482915,3965.1428571428573,-0.04739935725574753,-0.001801412307248932,false
2016-08-22,127369.80261433138,133350.1613822288,3672,34.68676541784624,36.315403426532896,-5980.358767897429,-0.04695272070104105,-0.046952720701040854,2016,8,34,Monday,false,35.65728076464928,4196.785714285715,-0.027217873208245643,-0.12504467704876188,false
2016-08-23,43537.72815822025,37649.38752799952,1035,42.065437834029225,36.37621983381596,5888.3406302207295,0.1352468509340207,0.13524685093402072,2016,8,34,Tuesday,false,35.130717034488256,4395.0,0.1973976447088475,-0.764505119453925,false
2016-08-24,120407.41326786332,127699.41591139579,3549,33.92713814253686,35.98180217283623,-7292.002643532469,-0.06056107714323518,-0.06056107714323516,2016,8,34,Wednesday,false,35.130938366143205,4416.571428571428,-0.034266099329885356,-0.19643550265234827,false
2016-08-25,226375.54313479608,240429.6855472034,6647,34.056799027350095,36.171157747435444,-14054.142412407324,-0.06208330731221587,-0.06208330731221582,2016,8,34,Thursday,false,35.105325341708415,4364.214285714285,-0.02986801301945412,0.5230691173341627,false
2016-08-26,337900.1782335956,358772.2503641095,9908,34.103772530641464,36.210360351646095,-20872.0721305139,-0.061769935250181235,-0.06176993525018118,2016,8,34,Friday,false,35.049854545762564,4634.214285714285,-0.026992466227951248,1.1380107584888794,false
2016-08-27,355069.54010681686,376755.564483526,10393,34.16429713334137,36.25089622664543,-21686.02437670913,-0.06107542868978636,-0.061075428689786236,2016,8,34,Saturday,true,35.011735996294384,4907.5,-0.024204422855316425,1.11777890983189,false
2016-08-28,153893.68522805016,163401.3291540589,4507,34.14548152386292,36.25500979677366,-9507.64392600875,-0.06178059815722572,-0.06178059815722553,2016,8,34,Sunday,true,35.00456385398969,5094.785714285715,-0.024542009256568773,-0.11537005621994482,false
2016-08-29,159625.74092242515,169479.10605406525,4672,34.166468519354694,36.27549359033931,-9853.365131640108,-0.061727921040182626,-0.0617279210401827,2016,8,35,Monday,false,34.9849929619299,5161.285714285715,-0.023396444397342262,-0.09479919178499273,false
2016-08-30,133961.96699285138,142299.91779184836,3924,34.13913531927915,36.26399535979826,-8337.950798996986,-0.06224117924038787,-0.06224117924038788,2016,8,35,Tuesday,false,34.925262564752856,5162.928571428572,-0.02250884281875321,-0.2399662428577358,false
2016-08-31,236305.15636647624,250572.45338779487,6918,34.15801624262449,36.220360420323054,-14267.297021318635,-0.06037657933791361,-0.06037657933791372,2016,8,35,Wednesday,false,34.882398474379336,5207.357142857143,-0.02076641123995227,0.3285049997942471,false
2016-09-01,313491.73511881445,333030.87570402725,9183,34.138270186084554,36.266021529350674,-19539.140585212794,-0.06232745044397228,-0.06232745044397223,2016,9,35,Thursday,false,34.85136740547448,5448.928571428572,-0.020461097296225708,0.6852854427475912,false
2016-09-02,370355.0017342406,392493.08269182255,10830,34.19713774092711,36.24128187366782,-22138.08095758193,-0.05977529898048407,-0.05977529898048402,2016,9,35,Friday,false,34.81739905368816,5873.714285714285,-0.017814694078802776,0.8438077634011092,false
2016-09-03,369091.0553924981,391842.5013978032,10800,34.1750977215276,36.28171309238918,-22751.4460053051,-0.06164182434903713,-0.061641824349037116,2016,9,35,Saturday,true,34.78959185650857,6172.571428571428,-0.017663160220892638,0.7496759859285318,false
2016-09-04,209026.01967195864,222163.72890927366,6119,34.16016010327809,36.307195441946995,-13137.709237315023,-0.06285202798165074,-0.06285202798165083,2016,9,35,Sunday,true,34.757567280482,6428.285714285715,-0.017187830563141413,-0.048113249477754624,false
2016-09-05,228177.31678002988,242589.58721854398,6685,34.13273250262227,36.28864431092655,-14412.270438514097,-0.06316259057602987,-0.06316259057602999,2016,9,36,Monday,false,34.73456981733456,6582.642857142857,-0.01732675308424116,0.015549551309178941,false
2016-09-06,154494.78204917017,164108.82644458604,4519,34.18782519344328,36.315296845449446,-9614.044395415869,-0.06222892623231807,-0.06222892623231799,2016,9,36,Tuesday,false,34.69499603767571,6797.857142857143,-0.014617982480288618,-0.3352316906588211,false
2016-09-07,50736.47417220013,43830.1968528723,1206,42.07004491890558,36.3434468100102,6906.277319327826,0.13612056083928592,0.13612056083928598,2016,9,36,Wednesday,false,34.132309420491,7046.714285714285,0.23255782082091522,-0.8288564072414701,false
2016-09-08,43292.149236510246,37391.68088945611,1029,42.072059510699944,36.33788230267844,5900.468347054135,0.13629418846403682,0.1362941884640367,2016,9,36,Thursday,false,34.71394561880305,6879.357142857143,0.21196420518419312,-0.8504220701685166,false
2016-09-09,77335.91859763415,69612.12670188746,1917,40.34215889287123,36.31305513922142,7723.79189574669,0.09987328056361866,0.0998732805636187,2016,9,36,Friday,false,35.286464224756614,6478.071428571428,0.1432757511750808,-0.7040785948198869,false
2016-09-10,85070.23488973391,76591.852917485,2108,40.355898904048345,36.333896070913184,8478.381972248913,0.09966331917665912,0.0996633191766592,2016,9,36,Saturday,true,35.73206325063016,5907.285714285715,0.12940298524005994,-0.6431525235181738,false
2016-09-11,48831.66610537024,44014.232018730225,1211,40.32342370385651,36.345360874261125,4817.434086640016,0.09865389553255938,0.09865389553255934,2016,9,36,Sunday,true,36.17432051996637,5315.5,0.11469747390555818,-0.7721757125388016,false
2016-09-12,52075.15717660012,46884.14250808781,1291,40.33706985019374,36.31614446792239,5191.014668512311,0.09968313011342929,0.09968313011342934,2016,9,37,Monday,false,36.615602104251636,5080.071428571428,0.10163612045341697,-0.7458697149927588,false
2016-09-13,30424.726256690126,27398.588126893694,755,40.29765067111275,36.28952069787244,3026.1381297964326,0.09946311773737034,0.09946311773737034,2016,9,37,Tuesday,false,37.056359342168705,4838.571428571428,0.08746923298683526,-0.8439622084440508,false
2016-09-14,20495.113025005,18375.05260769784,508,40.3447106791437,36.17136340098,2120.0604173071624,0.10344224082690294,0.10344224082690288,2016,9,37,Wednesday,false,37.49625329587111,4612.214285714285,0.07596645352260444,-0.8898576760465224,false
2016-09-15,40742.17168112024,36464.759814940684,1010,40.33878384269331,36.10372258905018,4277.411866179558,0.1049873310548562,0.10498733105485632,2016,9,37,Thursday,false,37.938160041336765,4154.357142857143,0.06327728595010583,-0.7568817592544833,false
2016-09-16,69864.83699021953,62545.19068453311,1733,40.314389492336716,36.09070437653382,7319.646305686416,0.10476867364209413,0.10476867364209412,2016,9,37,Friday,false,38.38105387395167,3570.5714285714284,0.05037213477082644,-0.5146435144434665,false
2016-09-17,100120.71105323294,89572.40761502521,2482,40.338723228538655,36.088802423458986,10548.303438207731,0.1053558582159822,0.10535585821598224,2016,9,37,Saturday,true,38.8180004276238,2920.785714285714,0.03917571189042163,-0.15022865667261742,false
2016-09-18,49825.09703543013,44593.79688339527,1235,40.34420812585436,36.10833755740508,5231.300152034863,0.10499327574444937,0.1049932757444493,2016,9,37,Sunday,true,39.2582593924103,2326.6428571428573,0.027661662800414415,-0.4691922758112548,false
2016-09-19,46566.462052040246,41660.44042608371,1155,40.317283161939606,36.069645390548665,4906.021625956535,0.1053552580497488,0.10535525804974885,2016,9,38,Monday,false,39.6999771083086,1977.7857142857142,0.015549279838295219,-0.41601357939976163,false
2016-09-20,37923.76585578537,34031.14948711513,940,40.3444317614738,36.203350518207586,3892.616368670242,0.10264319169865387,0.10264319169865385,2016,9,38,Tuesday,false,40.14173072683127,1582.7857142857142,0.005049633659842222,-0.4061103840426012,false
2016-09-21,50084.812702065254,44832.21259897724,1241,40.35843086387208,36.125876389183915,5252.600103088014,0.10487410893065839,0.10487410893065835,2016,9,38,Wednesday,false,40.58148833883346,1327.142857142857,-0.00549653263327777,-0.06490850376749191,false
2016-09-22,41885.82827828037,37565.47859092765,1039,40.31359795792144,36.15541731561852,4320.349687352726,0.10314585779823328,0.10314585779823339,2016,9,38,Thursday,false,40.45923019204533,1329.642857142857,-0.003599481093254393,-0.21858716089175395,false
2016-09-23,147503.57315832516,131964.51579369855,3657,40.33458385516138,36.08545687549864,15539.057364626613,0.10534698944511353,0.10534698944511356,2016,9,38,Friday,false,40.3336257954183,1330.357142857143,2.3753375110297554E-5,1.7488859060402682,false
2016-09-24,151639.18384341136,135498.16319719428,3758,40.35103348680451,36.05592421426139,16141.020646217075,0.1064436001112017,0.10644360011120156,2016,9,38,Saturday,true,40.33308472129617,1454.642857142857,4.4501345811683913E-4,1.5834520009820774,false
2016-09-25,72457.29758765452,64758.50417358045,1797,40.32125630921231,36.03700844383998,7698.793414074076,0.1062528367796292,0.10625283677962918,2016,9,38,Sunday,true,40.33273719149304,1572.5,-2.846541811982604E-4,0.14276629570747218,false
2016-09-26,67355.06118241463,60179.02084931651,1671,40.30823529767483,36.0137766901954,7176.040333098121,0.1065404767974834,0.10654047679748342,2016,9,39,Monday,false,40.332582377589894,1614.357142857143,-6.036578488114652E-4,0.035086943055616986,false
2016-09-27,58941.792828474885,52812.7825145229,1462,40.31586376776668,36.12365425069966,6129.010313951985,0.1039841175477623,0.10398411754776228,2016,9,39,Tuesday,false,40.33052276669567,1641.5,-3.634715823990945E-4,-0.1093512031678343,false
2016-09-28,58796.785015724636,57168.56049843288,1581,37.189617340749294,36.159747310836735,1628.2245172917537,0.027692407277988086,0.027692407277988107,2016,9,39,Wednesday,false,40.33182370217095,1692.0,-0.07790885888585596,-0.06560283687943262,false
2016-09-29,57019.38967139464,55187.3839062719,1534,37.170397438979556,35.97613031699602,1832.0057651227398,0.03212952253050538,0.03212952253050546,2016,9,39,Thursday,false,40.106459892285635,1768.642857142857,-0.07320672183961123,-0.13266830903436855,false
2016-09-30,155918.38259948257,151036.44551858705,4216,36.9825385672397,35.824583851657266,4881.937080895528,0.031310849942793914,0.031310849942794004,2016,9,39,Friday,false,39.88014657773465,1806.0714285714287,-0.07265790773479008,1.3343484279216926,true
2016-10-01,208489.09032479016,201416.83759006465,5632,37.01865950369143,35.76293281073591,7072.252734725509,0.033921452310565293,0.03392145231056519,2016,10,39,Saturday,true,39.642157225942015,1983.4285714285713,-0.06617948935770211,1.839527513684817,true
2016-10-02,118580.4725762977,113346.95726852612,3173,37.371721580932146,35.722331316900764,5233.51530777158,0.044134714545046215,0.04413471454504617,2016,10,39,Sunday,true,39.40500981702435,2208.4285714285716,-0.05159973936140862,0.4367682256290833,true
2016-10-03,142758.88112151137,126506.34468214824,3540,40.32736754844954,35.73625555992888,16252.536439363132,0.11384606205710972,0.11384606205710972,2016,10,40,Monday,false,39.192689349529914,2346.8571428571427,0.02895127172315958,0.5084002921840761,false
2016-10-04,96620.9869297833,85491.83324442239,2397,40.30913096778611,35.666179910063576,11129.153685360914,0.11518360595352567,0.11518360595352567,2016,10,40,Tuesday,false,39.193409662852055,2517.214285714286,0.028467064093980792,-0.047756874095513775,false
2016-10-05,78861.59494048428,69675.42915398542,1955,40.33841173426306,35.63960570536339,9186.165786498867,0.11648465635816184,0.11648465635816181,2016,10,40,Wednesday,false,39.19088817758865,2621.285714285714,0.02928036617783588,-0.2541827892528203,false
2016-10-06,70279.47439286964,61976.3057914763,1740,40.390502524637725,35.618566546825456,8303.168601393343,0.11814500141218699,0.11814500141218708,2016,10,40,Thursday,false,39.189458239759425,2672.285714285714,0.030647126518829698,-0.3488720196728322,false
2016-10-07,87748.86289121355,77446.6094358004,2176,40.32576419632976,35.591272718658274,10302.253455413142,0.11740611919023199,0.11740611919023204,2016,10,40,Friday,false,39.19495142309631,2722.3571428571427,0.02885098034761418,-0.20069267703933036,false
2016-10-08,92053.32576997319,81209.24834701055,2283,40.321211462975555,35.57128705519516,10844.07742296264,0.1178021253687269,0.11780212536872699,2016,10,40,Saturday,true,39.19432144746548,2616.5714285714284,0.02875135922484376,-0.12748416684865688,false
2016-10-09,51751.38324691001,45607.23409969739,1284,40.30481561285826,35.519652725621015,6144.149147212622,0.11872434632130299,0.1187243463213031,2016,10,40,Sunday,true,39.19219130290627,2511.214285714286,0.02838892832893197,-0.48869357453707657,false
2016-10-10,50934.98319385512,44983.77730244202,1263,40.32856943298109,35.61660910723833,5951.205891413105,0.11683926288467035,0.11683926288467034,2016,10,41,Monday,false,39.191016967452406,2474.5714285714284,0.029025847083105977,-0.4896085902320748,false
2016-10-11,36113.934872670245,31885.28845033081,896,40.30573088467661,35.58625943117278,4228.646422339436,0.11709182168181642,0.11709182168181645,2016,10,41,Tuesday,false,39.19246940568856,2445.4285714285716,0.028404984321464242,-0.6336020563149901,false
2016-10-12,31023.359765175122,27817.642466410718,768,40.39499969423844,36.22088862813896,3205.7172987644044,0.10333237028579159,0.10333237028579159,2016,10,41,Wednesday,false,39.19174562832499,2405.0,0.030701721666713144,-0.6806652806652806,false
2016-10-13,22334.212530660003,19704.093150736488,521,42.86797030836853,37.81975652732531,2630.119379923515,0.11776190346146903,0.11776190346146906,2016,10,41,Thursday,false,39.42070151071707,2346.9285714285716,0.08744818497748613,-0.7780077304683933,false
2016-10-14,69440.92879519025,62070.75118430003,1618,42.91775574486419,38.36263979252165,7370.1776108902195,0.10613593076538323,0.10613593076538337,2016,10,41,Friday,false,39.82767100138771,2274.5714285714284,0.07758637815826104,-0.2886572038688607,false
2016-10-15,92159.02979147158,83371.81702135009,2147,42.924559753829335,38.83177318181187,8787.212770121492,0.09534836456074175,0.09534836456074185,2016,10,41,Saturday,true,40.25161508550375,2089.0,0.06640589856202368,0.027764480612733365,false
2016-10-16,57296.28785375024,52701.29461381235,1335,42.91856768071179,39.476625178885655,4594.993239937889,0.08019704961806055,0.08019704961806055,2016,10,41,Sunday,true,40.673465103370745,1840.0714285714287,0.05519821268326078,-0.27448468615348787,false
2016-10-17,57184.94126883025,51764.93737177276,1332,42.931637589211896,38.86256559442399,5420.00389705749,0.09478026516767216,0.09478026516767216,2016,10,42,Monday,false,41.069668396212144,1708.7857142857142,0.04533684506621147,-0.22049910128328384,false
2016-10-18,40951.10427692964,37288.62454527868,954,42.92568582487384,39.08660853802797,3662.4797316509575,0.08943543272688412,0.0894354327268842,2016,10,42,Tuesday,false,41.255687684838016,1551.0714285714287,0.04047922198736171,-0.3849412848261571,false
2016-10-19,37672.447294289756,33678.45927128807,877,42.956040244344074,38.40189198550521,3993.988023001686,0.10601880976304609,0.10601880976304605,2016,10,42,Wednesday,false,41.442584460344285,1448.0,0.03651933883245116,-0.39433701657458564,false
2016-10-20,38648.137519559634,35038.06869162933,906,42.65798843218503,38.67336500179837,3610.0688279303067,0.0934086105987195,0.09340861059871956,2016,10,42,Thursday,false,41.62955792535008,1371.0,0.024704334085870614,-0.33916849015317285,false
2016-10-21,96020.54537409684,86810.2775334347,2249,42.69477339888699,38.599500904150595,9210.267840662142,0.0959197618049227,0.09591976180492275,2016,10,42,Friday,false,41.791521204460594,1311.4285714285713,0.02161328825546521,0.7149237472766886,false
2016-10-22,105662.59415837255,95930.01651468943,2472,42.743767863419315,38.80664098490673,9732.577643683122,0.09210996304988908,0.09210996304988901,2016,10,42,Saturday,true,41.960736147500405,1316.642857142857,0.018661057641276735,0.8775023056474801,false
2016-10-23,54738.48351683513,49990.51928931798,1280,42.764440247527446,39.05509319477967,4747.96422751715,0.08673905308423253,0.08673905308423253,2016,10,42,Sunday,true,42.133775890389245,1330.142857142857,0.014968142394331582,-0.037697347223713866,false
2016-10-24,40131.573511264636,36347.698715160215,940,42.693163309856,38.66776459059597,3783.874796104421,0.0942867290025973,0.09428672900259735,2016,10,43,Monday,false,42.30946336429418,1329.857142857143,0.009068891804608133,-0.2931571597378881,false
2016-10-25,70402.99192642537,63452.76103781372,1650,42.66847995540932,38.456218810796194,6950.230888611652,0.09872067505135278,0.09872067505135279,2016,10,43,Tuesday,false,42.478362926928106,1306.7857142857142,0.004475620418994327,0.2626400655916918,false
2016-10-26,62501.74069876025,56100.874288607934,1467,42.60514021728715,38.24190476387726,6400.866410152317,0.10241101029493857,0.10241101029493849,2016,10,43,Wednesday,false,42.64713071769473,1360.642857142857,-9.846031773048777E-4,0.07816683290461444,false
2016-10-27,53675.2182803,48201.94097574902,1257,42.701048751233095,38.34681064100956,5473.277304550982,0.10197028498270302,0.10197028498270302,2016,10,43,Thursday,false,42.804997897912486,1410.5714285714287,-0.0024284348039755395,-0.10887178448450482,false
2016-10-28,102606.32698194706,92657.69952509602,2405,42.66375342284701,38.52710998964491,9948.627456851042,0.09695920075768272,0.0969592007576827,2016,10,43,Friday,false,42.793074929545675,1463.142857142857,-0.0030220194952473153,0.6437219293106815,false
2016-10-29,124988.15546718866,113187.84602297534,2929,42.672637578418794,38.643853200059866,11800.309444213315,0.09441142162715635,0.09441142162715624,2016,10,43,Saturday,true,42.774931906544445,1519.357142857143,-0.002391455078155271,0.9277890085092378,false
2016-10-30,67521.03748892537,61233.71887418509,1582,42.6808075151235,38.70652267647604,6287.318614740281,0.09311643968402457,0.09311643968402449,2016,10,43,Sunday,true,42.75693746544369,1575.2142857142858,-0.0017805286073569342,0.004307803926903327,false
2016-10-31,70020.59600984037,62316.15133820178,1639,42.72153508837118,38.02083669200841,7704.444671638594,0.11003112099411216,0.11003112099411208,2016,10,44,Monday,false,42.739954596473105,1592.857142857143,-4.3096695529576303E-4,0.02896860986547083,false
2016-11-01,126954.17017899743,110698.74289754208,2971,42.73112426085407,37.25975863262944,16255.427281455355,0.12804169613756067,0.1280416961375607,2016,11,44,Tuesday,false,42.72494727498448,1614.7857142857142,1.4457562299213063E-4,0.8398726058300527,false
2016-11-02,97558.24705104147,86203.87520371946,2284,42.713768411139,37.74250227833602,11354.371847322007,0.1163855664747801,0.11638556647478011,2016,11,44,Wednesday,false,42.71105002041163,1758.857142857143,6.364607580632088E-5,0.29857050032488625,false
2016-11-03,97039.00987049159,89413.41596601909,2266,42.82392315555675,39.45870077935529,7625.593904472495,0.07858276701967203,0.07858276701967214,2016,11,44,Thursday,false,42.69374488946841,1859.357142857143,0.0030491180013690533,0.2187007798394222,false
2016-11-04,168349.2653229361,156675.59012440423,3938,42.74994040704319,39.78557392696908,11673.675198531855,0.0693420026285165,0.06934200262851649,2016,11,44,Friday,false,42.70559736970925,1956.5,0.0010383425139813254,1.012777919754664,false
2016-11-05,202017.4219781323,189394.69373774898,4720,42.800301266553454,40.12599443596377,12622.728240383323,0.06248336463649007,0.06248336463649003,2016,11,44,Saturday,true,42.70953787029184,2077.1428571428573,0.0021251317805699864,1.2723521320495184,false
2016-11-06,108459.00005362219,102250.16777596818,2537,42.750886895397,40.30357421204894,6208.832277654015,0.05724589268372717,0.05724589268372727,2016,11,44,Sunday,true,42.713575970515706,2237.714285714286,8.735144279900978E-4,0.13374616956077626,false
2016-11-07,112536.37705725255,105978.48247831277,2621,42.93642772119517,40.434369507177706,6557.894578939784,0.058273553409343135,0.05827355340934311,2016,11,45,Monday,false,42.71260787393497,2327.5,0.005240135369884228,0.12610096670247045,false
2016-11-08,100479.92998887182,94692.47928942801,2341,42.92179837200847,40.449585343625806,5787.4506994438125,0.05759807655205148,0.057598076552051465,2016,11,45,Tuesday,false,42.72998390331634,2447.5714285714284,0.004488989959044718,-0.04354170314597555,false
2016-11-09,81649.68867241085,77081.66057395043,1901,42.9509146093692,40.547954010494706,4568.028098460418,0.05594666890633153,0.05594666890633146,2016,11,45,Wednesday,false,42.74807807593056,2496.9285714285716,0.004744927551558158,-0.23866464513545216,false
2016-11-10,71529.1626442405,67551.25097109293,1666,42.93467145512635,40.54696937040392,3977.911673147566,0.05561244569480314,0.05561244569480311,2016,11,45,Thursday,false,42.77277624679356,2527.9285714285716,0.0037850058504192443,-0.3409623915684779,false
2016-11-11,160938.60161507488,152555.41733723058,3748,42.93986169025477,40.703152971512964,8383.184277844295,0.05208933216590752,0.052089332165907554,2016,11,45,Friday,false,42.789463582785935,2557.1428571428573,0.0035148397496934966,0.46569832402234623,false
2016-11-12,164998.84464116488,156263.14947390973,3843,42.93490622981131,40.661761507652805,8735.695167255151,0.05294397779725858,0.0529439777972585,2016,11,45,Saturday,true,42.8091856018865,2653.0714285714284,0.0029367675688573144,0.4485098134237946,false
2016-11-13,97946.78304739682,93112.60890927333,2281,42.940281914685144,40.82095962703785,4834.17413812349,0.0493551088429746,0.04935510884297446,2016,11,45,Sunday,true,42.82791907698596,2718.3571428571427,0.0026235885403913264,-0.16089024358199536,false
2016-11-14,87834.25368438134,83068.26902650717,2046,42.92974275873966,40.600326992427746,4765.984657874171,0.05426111634078422,0.054261116340784205,2016,11,46,Monday,false,42.846452962668934,2768.285714285714,0.001943913447007882,-0.260914439054598,false
2016-11-15,95509.13497507002,88104.20453040046,2181,43.79144198765246,40.39624233397545,7404.9304446695605,0.07753112251097667,0.07753112251097667,2016,11,46,Tuesday,false,42.861324939123826,2797.3571428571427,0.02170061354495426,-0.22033552077215734,false
2016-11-16,77229.97188523952,71428.8700021723,1763,43.80599653161629,40.515524675083554,5801.101883067211,0.07511464450210346,0.07511464450210342,2016,11,46,Wednesday,false,42.93706191960941,2740.9285714285716,0.020237402681016495,-0.35678732442081673,false
